x,y,species cloglog values
1.0,1.0,1.2777386E-4
2.0,2.0,0.058675434
3.0,3.0,0.3775031
4.0,4.0,0.10951339
5.0,5.0,0.61911064
6.0,6.0,0.0029200315
7.0,7.0,0.3574966
8.0,8.0,0.0024351259
9.0,9.0,0.6395015
10.0,10.0,0.013543286
11.0,11.0,0.2515431
12.0,12.0,0.24062912
13.0,13.0,0.0025851387
14.0,14.0,0.65492606
15.0,15.0,0.032428294
16.0,16.0,0.68357235
17.0,17.0,0.01823903
18.0,18.0,0.09018421
19.0,19.0,9.927563E-5
20.0,20.0,0.090878695
21.0,21.0,0.009019959
22.0,22.0,0.017230378
23.0,23.0,1.3272362E-4
24.0,24.0,1.8422212E-4
25.0,25.0,1.4490484E-4
26.0,26.0,0.22542304
27.0,27.0,5.3651445E-4
28.0,28.0,0.041781597
29.0,29.0,1.05035295E-4
30.0,30.0,0.1971787
31.0,31.0,0.006143919
32.0,32.0,0.12988907
33.0,33.0,0.5785701
34.0,34.0,0.63659793
35.0,35.0,0.030602453
36.0,36.0,3.9081182E-4
37.0,37.0,0.05303025
38.0,38.0,0.0036497873
39.0,39.0,0.0066630295
40.0,40.0,0.039063197
41.0,41.0,0.003939243
42.0,42.0,0.17425229
43.0,43.0,0.0021479991
44.0,44.0,0.046549737
45.0,45.0,3.4712287E-4
46.0,46.0,0.43725532
47.0,47.0,0.483236
48.0,48.0,0.0013686193
49.0,49.0,8.570359E-4
50.0,50.0,8.71579E-4
51.0,51.0,0.028122192
52.0,52.0,0.0055867587
53.0,53.0,7.804058E-4
54.0,54.0,0.0068800095
55.0,55.0,0.0101944925
56.0,56.0,0.104578756
57.0,57.0,0.33551785
58.0,58.0,0.2337718
59.0,59.0,0.09491741
60.0,60.0,0.4074625
61.0,61.0,0.24680059
62.0,62.0,0.060453136
63.0,63.0,0.003869372
64.0,64.0,0.005823624
65.0,65.0,0.02370355
66.0,66.0,0.0057132747
67.0,67.0,0.03242076
68.0,68.0,0.037689716
69.0,69.0,0.32469702
70.0,70.0,0.0329065
71.0,71.0,0.28719965
72.0,72.0,0.0074136155
73.0,73.0,0.0017737052
74.0,74.0,0.010317627
75.0,75.0,0.5663219
76.0,76.0,0.018601883
77.0,77.0,0.044743713
78.0,78.0,0.18782683
79.0,79.0,0.014735003
80.0,80.0,2.922122E-4
81.0,81.0,0.0010534466
82.0,82.0,2.7645234E-4
83.0,83.0,0.7462714
84.0,84.0,0.0018807634
85.0,85.0,0.15147696
86.0,86.0,0.31662893
87.0,87.0,0.13482085
88.0,88.0,0.0046822983
89.0,89.0,0.33823243
90.0,90.0,0.051103003
91.0,91.0,0.456623
92.0,92.0,0.14240743
93.0,93.0,1.9839055E-4
94.0,94.0,0.056533445
95.0,95.0,0.0069240374
96.0,96.0,0.013677617
97.0,97.0,0.026828816
98.0,98.0,0.030447867
99.0,99.0,0.0053127874
100.0,100.0,0.1465837
101.0,101.0,0.2878752
102.0,102.0,0.06777185
103.0,103.0,0.029387997
104.0,104.0,0.21777385
105.0,105.0,0.01282659
106.0,106.0,0.18781526
107.0,107.0,0.0029554514
108.0,108.0,0.65267414
109.0,109.0,0.0043869237
110.0,110.0,0.11734081
111.0,111.0,0.010304987
112.0,112.0,0.2775523
113.0,113.0,0.8081472
114.0,114.0,0.0038135117
115.0,115.0,0.019396177
116.0,116.0,0.008679496
117.0,117.0,0.009197999
118.0,118.0,0.0035738084
119.0,119.0,0.073011965
120.0,120.0,5.746E-4
121.0,121.0,0.015899105
122.0,122.0,0.01276844
123.0,123.0,0.012192737
124.0,124.0,0.17231251
125.0,125.0,0.0022352946
126.0,126.0,0.39493805
127.0,127.0,0.0046214615
128.0,128.0,0.27843997
129.0,129.0,0.008411986
130.0,130.0,0.099128895
131.0,131.0,4.1957782E-4
132.0,132.0,9.158116E-4
133.0,133.0,0.0037610955
134.0,134.0,0.043882243
135.0,135.0,2.4783268E-4
136.0,136.0,0.00887218
137.0,137.0,2.326057E-4
138.0,138.0,0.0044147884
139.0,139.0,0.002138089
140.0,140.0,0.002207757
141.0,141.0,0.012831124
142.0,142.0,0.03256899
143.0,143.0,0.5251983
144.0,144.0,0.030282404
145.0,145.0,0.15849033
146.0,146.0,0.0074576424
147.0,147.0,0.383099
148.0,148.0,0.0010733879
149.0,149.0,0.5371389
150.0,150.0,0.0011529976
151.0,151.0,0.17115137
152.0,152.0,0.002542483
153.0,153.0,0.6184415
154.0,154.0,0.6399643
155.0,155.0,0.095923655
156.0,156.0,0.0033122972
157.0,157.0,0.010124323
158.0,158.0,0.0034464062
159.0,159.0,1.1287736E-4
160.0,160.0,0.0053443615
161.0,161.0,0.011213696
162.0,162.0,0.0050005945
163.0,163.0,0.03623387
164.0,164.0,0.0012383708
165.0,165.0,0.032344002
166.0,166.0,0.023060704
167.0,167.0,0.015053257
168.0,168.0,0.0011145367
169.0,169.0,0.716534
170.0,170.0,0.019010557
171.0,171.0,0.048094407
172.0,172.0,0.001544121
173.0,173.0,0.037409984
174.0,174.0,0.003812207
175.0,175.0,0.1089769
176.0,176.0,0.0026961584
177.0,177.0,0.7595219
178.0,178.0,0.036162294
179.0,179.0,0.015178711
180.0,180.0,8.169676E-5
181.0,181.0,0.0012487603
182.0,182.0,0.1357451
183.0,183.0,0.31215253
184.0,184.0,0.0015043711
185.0,185.0,0.0030400846
186.0,186.0,0.0021138487
187.0,187.0,0.013098089
188.0,188.0,0.5277034
189.0,189.0,0.0040155556
190.0,190.0,0.42131484
191.0,191.0,0.2576477
192.0,192.0,0.014199522
193.0,193.0,3.336045E-4
194.0,194.0,0.015098591
195.0,195.0,0.34894502
196.0,196.0,0.055975586
197.0,197.0,0.4128843
198.0,198.0,3.7802436E-4
199.0,199.0,0.095822014
200.0,200.0,0.059498176
201.0,201.0,0.0042556883
202.0,202.0,4.3771986E-4
203.0,203.0,0.011231276
204.0,204.0,0.16094507
205.0,205.0,0.05107301
206.0,206.0,3.9853467E-4
207.0,207.0,0.15726727
208.0,208.0,0.7691083
209.0,209.0,0.0143812
210.0,210.0,0.06246849
211.0,211.0,0.6695877
212.0,212.0,0.07625877
213.0,213.0,5.676096E-4
214.0,214.0,0.017622681
215.0,215.0,4.8778058E-4
216.0,216.0,0.28852922
217.0,217.0,0.004090601
218.0,218.0,0.010133293
219.0,219.0,0.016173353
220.0,220.0,0.13702062
221.0,221.0,0.3378451
222.0,222.0,0.008322907
223.0,223.0,0.008191604
224.0,224.0,0.005207582
225.0,225.0,0.010319968
226.0,226.0,0.7740174
227.0,227.0,0.0031790356
228.0,228.0,0.5837897
229.0,229.0,0.363245
230.0,230.0,2.58242E-4
231.0,231.0,0.001447246
232.0,232.0,0.0011069666
233.0,233.0,0.4261315
234.0,234.0,0.056501642
235.0,235.0,2.9598814E-4
236.0,236.0,0.37024266
237.0,237.0,0.001719943
238.0,238.0,0.16384497
239.0,239.0,0.0054698014
240.0,240.0,0.029041493
241.0,241.0,0.7530688
242.0,242.0,0.066483155
243.0,243.0,0.002247333
244.0,244.0,0.013641437
245.0,245.0,0.0026087384
246.0,246.0,0.058876798
247.0,247.0,0.16443095
248.0,248.0,0.0031427124
249.0,249.0,0.0035451471
250.0,250.0,0.19024423
251.0,251.0,0.0017928513
252.0,252.0,0.12104785
253.0,253.0,0.0040808837
254.0,254.0,0.0031135615
255.0,255.0,0.21493115
256.0,256.0,0.75773203
257.0,257.0,0.0038971186
258.0,258.0,0.003499647
259.0,259.0,0.07867828
260.0,260.0,0.009255546
261.0,261.0,0.109336495
262.0,262.0,0.0030175291
263.0,263.0,0.5125944
264.0,264.0,0.0014247505
265.0,265.0,0.41145396
266.0,266.0,0.021511603
267.0,267.0,0.016965602
268.0,268.0,0.001486857
269.0,269.0,0.029477185
270.0,270.0,0.19661446
271.0,271.0,0.010476291
272.0,272.0,0.00888399
273.0,273.0,0.012877664
274.0,274.0,0.005865461
275.0,275.0,0.0014244539
276.0,276.0,0.006863913
277.0,277.0,0.05872257
278.0,278.0,4.8254768E-4
279.0,279.0,0.23608422
280.0,280.0,0.12030011
281.0,281.0,0.0064557292
282.0,282.0,0.261685
283.0,283.0,0.020039918
284.0,284.0,0.020520914
285.0,285.0,0.7469929
286.0,286.0,0.019117512
287.0,287.0,0.21496136
288.0,288.0,0.0046736533
289.0,289.0,0.022565445
290.0,290.0,0.041328993
291.0,291.0,0.06100075
292.0,292.0,0.2934961
293.0,293.0,0.31337783
294.0,294.0,0.007664406
295.0,295.0,0.0032760254
296.0,296.0,0.0140750455
297.0,297.0,0.09697554
298.0,298.0,0.59687465
299.0,299.0,0.017796518
300.0,300.0,0.08138293
301.0,301.0,0.028195942
302.0,302.0,5.7243387E-4
303.0,303.0,0.31065667
304.0,304.0,0.11678304
305.0,305.0,0.51468045
306.0,306.0,0.1387016
307.0,307.0,0.29891524
308.0,308.0,0.003853769
309.0,309.0,0.02110794
310.0,310.0,0.5252038
311.0,311.0,5.683032E-4
312.0,312.0,0.15502322
313.0,313.0,0.0016646081
314.0,314.0,0.0016096041
315.0,315.0,0.002417677
316.0,316.0,1.9483693E-4
317.0,317.0,0.029770598
318.0,318.0,0.05371985
319.0,319.0,0.0010675293
320.0,320.0,0.0059294673
321.0,321.0,0.0038508398
322.0,322.0,0.027856575
323.0,323.0,0.41884494
324.0,324.0,0.08613657
325.0,325.0,0.001602935
326.0,326.0,0.003740428
327.0,327.0,0.015428099
328.0,328.0,0.0021202252
329.0,329.0,0.016965736
330.0,330.0,0.12950285
331.0,331.0,5.522175E-4
332.0,332.0,0.018807102
333.0,333.0,0.0024025026
334.0,334.0,0.004185741
335.0,335.0,0.2592069
336.0,336.0,0.007438398
337.0,337.0,0.5010898
338.0,338.0,0.13114968
339.0,339.0,0.038921785
340.0,340.0,0.7204653
341.0,341.0,0.062266406
342.0,342.0,0.005576239
343.0,343.0,0.21596047
344.0,344.0,7.244891E-4
345.0,345.0,0.051612414
346.0,346.0,0.33301523
347.0,347.0,0.3161142
348.0,348.0,0.026248932
349.0,349.0,0.004254382
350.0,350.0,0.010778621
351.0,351.0,0.34108996
352.0,352.0,0.0017194812
353.0,353.0,0.62264466
354.0,354.0,2.0550228E-4
355.0,355.0,0.3272623
356.0,356.0,0.018805783
357.0,357.0,0.11182722
358.0,358.0,0.012753581
359.0,359.0,0.07238177
360.0,360.0,8.653467E-5
361.0,361.0,0.0010046442
362.0,362.0,8.485781E-5
363.0,363.0,0.024768995
364.0,364.0,0.0030654508
365.0,365.0,0.0042132083
366.0,366.0,0.043892022
367.0,367.0,0.10774486
368.0,368.0,0.005891112
369.0,369.0,0.11141397
370.0,370.0,0.43055502
371.0,371.0,0.06783146
372.0,372.0,0.0037652154
373.0,373.0,0.016112069
374.0,374.0,0.008106305
375.0,375.0,0.01816238
376.0,376.0,0.1538538
377.0,377.0,0.16143782
378.0,378.0,0.077057324
379.0,379.0,0.13373585
380.0,380.0,0.72818625
381.0,381.0,0.012892732
382.0,382.0,0.0020862701
383.0,383.0,3.9034616E-4
384.0,384.0,0.02328487
385.0,385.0,0.31810176
386.0,386.0,0.34943035
387.0,387.0,0.14508764
388.0,388.0,0.025515996
389.0,389.0,0.0026062361
390.0,390.0,0.010208633
391.0,391.0,0.04134035
392.0,392.0,0.5530852
393.0,393.0,0.044234376
394.0,394.0,0.031368732
395.0,395.0,0.17632988
396.0,396.0,0.052718926
397.0,397.0,0.40602964
398.0,398.0,0.0059396243
399.0,399.0,0.057935942
400.0,400.0,1.2730871E-4
401.0,401.0,0.008178611
402.0,402.0,9.0791396E-4
403.0,403.0,2.568209E-4
404.0,404.0,0.035725456
405.0,405.0,0.85011905
406.0,406.0,0.0021368072
407.0,407.0,0.6351519
408.0,408.0,4.7378507E-4
409.0,409.0,0.071522504
410.0,410.0,0.082988076
411.0,411.0,0.005697011
412.0,412.0,0.032838922
413.0,413.0,0.001608853
414.0,414.0,0.012685143
415.0,415.0,0.65961236
416.0,416.0,0.15431906
417.0,417.0,0.028306523
418.0,418.0,0.0017268003
419.0,419.0,0.0042413203
420.0,420.0,0.02429209
421.0,421.0,0.0010566636
422.0,422.0,0.6701191
423.0,423.0,0.002323471
424.0,424.0,0.65195185
425.0,425.0,0.0013742159
426.0,426.0,0.20962219
427.0,427.0,0.0033945744
428.0,428.0,0.15304708
429.0,429.0,0.0016278762
430.0,430.0,0.0015674502
431.0,431.0,0.23820908
432.0,432.0,0.032872897
433.0,433.0,0.03362839
434.0,434.0,0.017692123
435.0,435.0,0.14457165
436.0,436.0,0.53365844
437.0,437.0,0.021308502
438.0,438.0,0.14825255
439.0,439.0,0.2857484
440.0,440.0,0.037612073
441.0,441.0,0.05007192
442.0,442.0,0.44278386
443.0,443.0,0.07341555
444.0,444.0,0.0019306499
445.0,445.0,0.2652579
446.0,446.0,0.02421105
447.0,447.0,0.023147086
448.0,448.0,0.06566333
449.0,449.0,0.0389459
450.0,450.0,8.5689843E-4
451.0,451.0,0.3597419
452.0,452.0,0.04039655
453.0,453.0,0.040684197
454.0,454.0,0.16604263
455.0,455.0,0.043888424
456.0,456.0,0.37723386
457.0,457.0,0.26373646
458.0,458.0,0.787081
459.0,459.0,0.004760263
460.0,460.0,4.0787456E-4
461.0,461.0,0.0017645914
462.0,462.0,0.17026803
463.0,463.0,0.17559691
464.0,464.0,0.07828088
465.0,465.0,0.055727612
466.0,466.0,0.08933795
467.0,467.0,0.042711165
468.0,468.0,0.0014422677
469.0,469.0,0.0017191246
470.0,470.0,0.4079626
471.0,471.0,0.43342033
472.0,472.0,0.062061124
473.0,473.0,0.021595355
474.0,474.0,0.042776998
475.0,475.0,0.25069618
476.0,476.0,0.029333355
477.0,477.0,0.04286025
478.0,478.0,0.20592578
479.0,479.0,0.10414254
480.0,480.0,0.1838673
481.0,481.0,0.098496325
482.0,482.0,0.017265167
483.0,483.0,0.6749198
484.0,484.0,0.20064455
485.0,485.0,0.16631018
486.0,486.0,0.0015888946
487.0,487.0,4.20568E-4
488.0,488.0,0.30202758
489.0,489.0,8.334249E-4
490.0,490.0,0.001384084
491.0,491.0,0.47435436
492.0,492.0,0.009112404
493.0,493.0,0.04845934
494.0,494.0,0.01363398
495.0,495.0,0.27254558
496.0,496.0,0.07363392
497.0,497.0,0.5954479
498.0,498.0,0.003475835
499.0,499.0,0.27795932
500.0,500.0,0.107843444
501.0,501.0,0.068209454
502.0,502.0,0.13156022
503.0,503.0,0.17922638
504.0,504.0,0.15905614
505.0,505.0,0.0065849554
506.0,506.0,0.09613967
507.0,507.0,0.039040934
508.0,508.0,0.23284587
509.0,509.0,0.6084444
510.0,510.0,0.1686427
511.0,511.0,0.0013534606
512.0,512.0,0.19840556
513.0,513.0,4.290897E-5
514.0,514.0,0.0014966661
515.0,515.0,0.32771122
516.0,516.0,0.049459267
517.0,517.0,0.33260384
518.0,518.0,0.016232284
519.0,519.0,0.0052166134
520.0,520.0,0.53232175
521.0,521.0,1.5960808E-4
522.0,522.0,0.6819287
523.0,523.0,0.17904
524.0,524.0,5.3806176E-5
525.0,525.0,0.5466821
526.0,526.0,6.3682284E-4
527.0,527.0,0.003517444
528.0,528.0,0.0013009065
529.0,529.0,3.0584418E-4
530.0,530.0,0.004321225
531.0,531.0,0.38496584
532.0,532.0,0.3568491
533.0,533.0,0.0019893164
534.0,534.0,0.03977722
535.0,535.0,0.006456553
536.0,536.0,0.015567131
537.0,537.0,3.6584903E-4
538.0,538.0,0.013584175
539.0,539.0,0.0054870793
540.0,540.0,0.25739548
541.0,541.0,0.026356444
542.0,542.0,0.16552454
543.0,543.0,0.035185155
544.0,544.0,0.0048578596
545.0,545.0,0.68515974
546.0,546.0,0.057359822
547.0,547.0,0.009632123
548.0,548.0,0.10727889
549.0,549.0,4.686292E-4
550.0,550.0,0.01997156
551.0,551.0,0.0056988643
552.0,552.0,8.2706066E-4
553.0,553.0,6.781146E-4
554.0,554.0,0.23910277
555.0,555.0,8.664334E-4
556.0,556.0,0.60992104
557.0,557.0,2.535196E-4
558.0,558.0,0.36972582
559.0,559.0,3.7287653E-4
560.0,560.0,0.004591209
561.0,561.0,0.0018211367
562.0,562.0,0.21361169
563.0,563.0,0.18848035
564.0,564.0,0.37946728
565.0,565.0,0.009501199
566.0,566.0,0.018316405
567.0,567.0,0.033693172
568.0,568.0,0.52005666
569.0,569.0,0.003249833
570.0,570.0,0.020973777
571.0,571.0,9.858442E-4
572.0,572.0,0.0110953245
573.0,573.0,0.034535877
574.0,574.0,0.10733038
575.0,575.0,0.5561633
576.0,576.0,3.4131506E-4
577.0,577.0,8.438927E-4
578.0,578.0,0.67808133
579.0,579.0,0.05174862
580.0,580.0,9.548655E-5
581.0,581.0,0.03439699
582.0,582.0,0.5472393
583.0,583.0,5.090175E-4
584.0,584.0,0.040868226
585.0,585.0,0.02334356
586.0,586.0,0.8277725
587.0,587.0,0.01696656
588.0,588.0,0.03533081
589.0,589.0,0.17423244
590.0,590.0,0.11132082
591.0,591.0,0.06733141
592.0,592.0,0.36187947
593.0,593.0,4.3586435E-4
594.0,594.0,0.36629608
595.0,595.0,0.0015223895
596.0,596.0,0.6490177
597.0,597.0,0.0360575
598.0,598.0,0.003998449
599.0,599.0,0.40242103
600.0,600.0,0.07019748
601.0,601.0,0.0027440188
602.0,602.0,0.044010438
603.0,603.0,0.008710409
604.0,604.0,0.012787437
605.0,605.0,0.015463446
606.0,606.0,0.19369641
607.0,607.0,9.316279E-5
608.0,608.0,0.22653764
609.0,609.0,0.13198714
610.0,610.0,0.006637614
611.0,611.0,0.0027137625
612.0,612.0,0.054934535
613.0,613.0,0.028840933
614.0,614.0,0.11025819
615.0,615.0,0.032621115
616.0,616.0,3.8231042E-4
617.0,617.0,0.122040085
618.0,618.0,0.008309068
619.0,619.0,0.016626392
620.0,620.0,0.0010717588
621.0,621.0,0.101853944
622.0,622.0,6.5019197E-4
623.0,623.0,0.2619468
624.0,624.0,0.1327041
625.0,625.0,0.08601763
626.0,626.0,0.0015545557
627.0,627.0,0.12899369
628.0,628.0,0.0021663539
629.0,629.0,0.6110209
630.0,630.0,0.006937218
631.0,631.0,0.04919765
632.0,632.0,0.029567441
633.0,633.0,0.004525274
634.0,634.0,0.027600704
635.0,635.0,0.002069977
636.0,636.0,0.3482851
637.0,637.0,0.0010133287
638.0,638.0,0.16690613
639.0,639.0,0.038566172
640.0,640.0,0.17032713
641.0,641.0,4.612075E-4
642.0,642.0,2.0974781E-4
643.0,643.0,0.0041909027
644.0,644.0,0.04756635
645.0,645.0,0.15806307
646.0,646.0,9.324567E-4
647.0,647.0,0.02454816
648.0,648.0,0.2291963
649.0,649.0,1.274637E-4
650.0,650.0,0.022343317
651.0,651.0,0.007329894
652.0,652.0,0.23633422
653.0,653.0,9.049835E-4
654.0,654.0,0.3555531
655.0,655.0,0.6062862
656.0,656.0,0.16841538
657.0,657.0,0.69366
658.0,658.0,0.007960092
659.0,659.0,0.108290285
660.0,660.0,0.038431466
661.0,661.0,0.0016264375
662.0,662.0,4.29784E-4
663.0,663.0,0.01760805
664.0,664.0,0.0039091413
665.0,665.0,0.034287132
666.0,666.0,0.29527733
667.0,667.0,0.50502557
668.0,668.0,0.0017006213
669.0,669.0,0.17114349
670.0,670.0,0.006593703
671.0,671.0,0.0015928916
672.0,672.0,0.021814419
673.0,673.0,0.12736425
674.0,674.0,5.6124397E-4
675.0,675.0,0.0022031874
676.0,676.0,0.61406213
677.0,677.0,0.27210966
678.0,678.0,0.07856534
679.0,679.0,0.6149723
680.0,680.0,7.1439747E-4
681.0,681.0,0.01661865
682.0,682.0,0.011667533
683.0,683.0,0.03442033
684.0,684.0,0.0020730686
685.0,685.0,0.4918559
686.0,686.0,0.016763909
687.0,687.0,0.0013857026
688.0,688.0,0.0030021814
689.0,689.0,3.7340005E-4
690.0,690.0,0.23917463
691.0,691.0,0.02144576
692.0,692.0,0.64511096
693.0,693.0,0.024930725
694.0,694.0,0.65903336
695.0,695.0,0.008101645
696.0,696.0,0.5227432
697.0,697.0,0.012485175
698.0,698.0,0.10071597
699.0,699.0,0.054766435
700.0,700.0,0.0780843
701.0,701.0,0.23360135
702.0,702.0,0.642055
703.0,703.0,7.0602045E-4
704.0,704.0,0.015675496
705.0,705.0,0.31674442
706.0,706.0,0.0043744147
707.0,707.0,0.017290793
708.0,708.0,0.38335982
709.0,709.0,0.013606543
710.0,710.0,0.0051675634
711.0,711.0,0.13268648
712.0,712.0,0.054273162
713.0,713.0,0.5877961
714.0,714.0,0.0076222797
715.0,715.0,8.023481E-5
716.0,716.0,0.05129038
717.0,717.0,0.008099885
718.0,718.0,0.002061527
719.0,719.0,0.0780963
720.0,720.0,0.7805945
721.0,721.0,0.033166192
722.0,722.0,0.0044523817
723.0,723.0,0.021681398
724.0,724.0,3.3908885E-4
725.0,725.0,0.00353668
726.0,726.0,0.041571334
727.0,727.0,0.06798534
728.0,728.0,0.46903595
729.0,729.0,0.004801021
730.0,730.0,8.356588E-4
731.0,731.0,0.002236192
732.0,732.0,0.34818283
733.0,733.0,3.1553832E-4
734.0,734.0,0.02155909
735.0,735.0,0.0014729144
736.0,736.0,0.38778982
737.0,737.0,0.6232052
738.0,738.0,0.009665796
739.0,739.0,6.023851E-4
740.0,740.0,0.45169577
741.0,741.0,0.00931305
742.0,742.0,0.015275314
743.0,743.0,0.2571268
744.0,744.0,0.6713157
745.0,745.0,8.1303937E-4
746.0,746.0,0.06608507
747.0,747.0,0.53645474
748.0,748.0,0.0108870035
749.0,749.0,0.0032109933
750.0,750.0,1.6185113E-4
751.0,751.0,0.0065197297
752.0,752.0,9.921808E-4
753.0,753.0,0.0058683865
754.0,754.0,0.0031227772
755.0,755.0,0.07246766
756.0,756.0,0.008469902
757.0,757.0,0.0793015
758.0,758.0,9.3304075E-4
759.0,759.0,8.787286E-5
760.0,760.0,0.18666963
761.0,761.0,0.0107463775
762.0,762.0,6.1696314E-4
763.0,763.0,0.0018244322
764.0,764.0,0.03672018
765.0,765.0,0.13884032
766.0,766.0,0.0338389
767.0,767.0,0.00861956
768.0,768.0,0.0062203207
769.0,769.0,0.13327155
770.0,770.0,0.01560577
771.0,771.0,0.0015118752
772.0,772.0,0.0026609995
773.0,773.0,0.28726798
774.0,774.0,0.39132035
775.0,775.0,0.044250067
776.0,776.0,0.6374707
777.0,777.0,0.3795416
778.0,778.0,0.025257181
779.0,779.0,0.017615804
780.0,780.0,0.20318559
781.0,781.0,0.2105219
782.0,782.0,0.62018186
783.0,783.0,0.21381928
784.0,784.0,0.0023004154
785.0,785.0,0.03796863
786.0,786.0,0.008376385
787.0,787.0,0.0046917484
788.0,788.0,0.017809164
789.0,789.0,0.0134426085
790.0,790.0,0.03297835
791.0,791.0,0.59223956
792.0,792.0,0.015475067
793.0,793.0,0.097596444
794.0,794.0,0.024489963
795.0,795.0,5.5684696E-4
796.0,796.0,0.012541602
797.0,797.0,0.26663285
798.0,798.0,0.043608464
799.0,799.0,0.0028644076
800.0,800.0,0.0064375247
801.0,801.0,0.14559285
802.0,802.0,0.5731543
803.0,803.0,0.003965679
804.0,804.0,0.012815133
805.0,805.0,0.0019573849
806.0,806.0,0.0094168205
807.0,807.0,7.811136E-4
808.0,808.0,0.61694837
809.0,809.0,0.012547964
810.0,810.0,0.22955099
811.0,811.0,1.5848383E-4
812.0,812.0,0.029370397
813.0,813.0,0.021397466
814.0,814.0,0.31174627
815.0,815.0,0.08735518
816.0,816.0,0.17068018
817.0,817.0,0.25481054
818.0,818.0,0.14968249
819.0,819.0,0.045412447
820.0,820.0,0.018418854
821.0,821.0,0.076367594
822.0,822.0,0.013098987
823.0,823.0,0.001662169
824.0,824.0,0.01851041
825.0,825.0,0.059311047
826.0,826.0,0.0075190095
827.0,827.0,0.6257018
828.0,828.0,0.13126634
829.0,829.0,0.009122171
830.0,830.0,0.010092556
831.0,831.0,0.20276144
832.0,832.0,0.024936315
833.0,833.0,0.67971975
834.0,834.0,0.20647173
835.0,835.0,0.3424992
836.0,836.0,0.26682234
837.0,837.0,0.0084185265
838.0,838.0,0.019895425
839.0,839.0,0.27792126
840.0,840.0,0.039101195
841.0,841.0,0.13583225
842.0,842.0,0.0015090184
843.0,843.0,0.001227626
844.0,844.0,0.5092185
845.0,845.0,0.045529705
846.0,846.0,5.595641E-4
847.0,847.0,0.006570727
848.0,848.0,0.0067419372
849.0,849.0,0.529246
850.0,850.0,0.72797304
851.0,851.0,0.013720911
852.0,852.0,0.030517299
853.0,853.0,0.03599045
854.0,854.0,3.1876928E-4
855.0,855.0,0.014367569
856.0,856.0,0.0024803982
857.0,857.0,0.0045881853
858.0,858.0,0.18752733
859.0,859.0,0.19654094
860.0,860.0,0.08227699
861.0,861.0,6.226322E-4
862.0,862.0,0.011988733
863.0,863.0,0.13930807
864.0,864.0,6.1858987E-4
865.0,865.0,0.03327483
866.0,866.0,0.5258806
867.0,867.0,8.2106557E-4
868.0,868.0,0.0011481738
869.0,869.0,0.09609234
870.0,870.0,0.514072
871.0,871.0,0.2830506
872.0,872.0,5.03058E-4
873.0,873.0,0.6604368
874.0,874.0,0.010211438
875.0,875.0,0.6386005
876.0,876.0,0.048942547
877.0,877.0,0.0045085098
878.0,878.0,0.02507428
879.0,879.0,0.0025263375
880.0,880.0,0.03477068
881.0,881.0,0.11115028
882.0,882.0,0.0030579474
883.0,883.0,0.0061750407
884.0,884.0,0.5944432
885.0,885.0,0.0014637298
886.0,886.0,0.12534243
887.0,887.0,0.16091985
888.0,888.0,0.5681564
889.0,889.0,0.44590193
890.0,890.0,0.0757173
891.0,891.0,0.71019316
892.0,892.0,0.025602596
893.0,893.0,0.0015827825
894.0,894.0,0.3877353
895.0,895.0,0.014726638
896.0,896.0,1.06429194E-4
897.0,897.0,0.014430855
898.0,898.0,0.43728006
899.0,899.0,0.021341274
900.0,900.0,0.051329773
901.0,901.0,0.0026269986
902.0,902.0,4.9598643E-4
903.0,903.0,2.9340794E-4
904.0,904.0,0.57399976
905.0,905.0,0.05138423
906.0,906.0,0.030151784
907.0,907.0,0.35768375
908.0,908.0,0.0017625812
909.0,909.0,0.011730812
910.0,910.0,0.43819982
911.0,911.0,0.11516347
912.0,912.0,0.0036069502
913.0,913.0,0.026079798
914.0,914.0,0.031739086
915.0,915.0,0.032892473
916.0,916.0,0.0947152
917.0,917.0,0.006626298
918.0,918.0,0.015125463
919.0,919.0,0.0037280358
920.0,920.0,0.02216121
921.0,921.0,0.025175883
922.0,922.0,0.050807297
923.0,923.0,0.6717479
924.0,924.0,0.16992903
925.0,925.0,0.2997311
926.0,926.0,0.0018591884
927.0,927.0,0.048688132
928.0,928.0,0.50034136
929.0,929.0,2.2728842E-4
930.0,930.0,0.1260511
931.0,931.0,0.10111816
932.0,932.0,7.308603E-4
933.0,933.0,0.056765273
934.0,934.0,0.008560917
935.0,935.0,0.38014287
936.0,936.0,0.0055981646
937.0,937.0,0.02510912
938.0,938.0,0.03782786
939.0,939.0,0.13828722
940.0,940.0,0.39913997
941.0,941.0,0.0010159311
942.0,942.0,0.0027071116
943.0,943.0,0.04484812
944.0,944.0,0.14769433
945.0,945.0,0.0033953707
946.0,946.0,0.01137748
947.0,947.0,0.003989916
948.0,948.0,0.11941739
949.0,949.0,0.062904954
950.0,950.0,0.011153459
951.0,951.0,0.04651374
952.0,952.0,0.19183531
953.0,953.0,0.025531115
954.0,954.0,0.42027926
955.0,955.0,8.443083E-5
956.0,956.0,0.3071883
957.0,957.0,0.03491696
958.0,958.0,0.012681512
959.0,959.0,0.018039916
960.0,960.0,0.07250245
961.0,961.0,0.021110956
962.0,962.0,0.43658352
963.0,963.0,8.626125E-4
964.0,964.0,0.21086836
965.0,965.0,5.8336474E-4
966.0,966.0,5.1779544E-4
967.0,967.0,0.6162826
968.0,968.0,6.07914E-4
969.0,969.0,0.18572825
970.0,970.0,0.021893276
971.0,971.0,0.5871139
972.0,972.0,0.023780044
973.0,973.0,8.7974576E-4
974.0,974.0,2.1476553E-4
975.0,975.0,0.025135554
976.0,976.0,0.05578978
977.0,977.0,0.0011099373
978.0,978.0,0.2736395
979.0,979.0,0.056818236
980.0,980.0,2.2665922E-4
981.0,981.0,0.3535671
982.0,982.0,0.64794296
983.0,983.0,0.002412721
984.0,984.0,0.038119957
985.0,985.0,0.10481872
986.0,986.0,0.0013867302
987.0,987.0,0.009313732
988.0,988.0,0.0012323154
989.0,989.0,2.2098242E-4
990.0,990.0,0.08421797
991.0,991.0,0.002288964
992.0,992.0,0.04824361
993.0,993.0,0.0072992845
994.0,994.0,0.20978843
995.0,995.0,0.0011898865
996.0,996.0,0.0387774
997.0,997.0,7.900466E-4
998.0,998.0,0.0026881953
999.0,999.0,0.0705564
1000.0,1000.0,0.21849386
1001.0,1001.0,0.41176847
1002.0,1002.0,0.14712259
1003.0,1003.0,0.029067442
1004.0,1004.0,0.4823858
1005.0,1005.0,0.24567065
1006.0,1006.0,0.15010445
1007.0,1007.0,0.028712068
1008.0,1008.0,0.34129718
1009.0,1009.0,0.004839073
1010.0,1010.0,0.112452574
1011.0,1011.0,0.10057452
1012.0,1012.0,0.2726265
1013.0,1013.0,0.22259878
1014.0,1014.0,1.2773217E-4
1015.0,1015.0,0.0186382
1016.0,1016.0,0.0016505744
1017.0,1017.0,0.26374796
1018.0,1018.0,0.027235804
1019.0,1019.0,0.03002983
1020.0,1020.0,0.11508892
1021.0,1021.0,0.1361809
1022.0,1022.0,0.16911906
1023.0,1023.0,0.47292674
1024.0,1024.0,0.0529319
1025.0,1025.0,0.08879202
1026.0,1026.0,0.0020145427
1027.0,1027.0,0.0033416436
1028.0,1028.0,0.020135121
1029.0,1029.0,0.52070725
1030.0,1030.0,0.08712471
1031.0,1031.0,0.09371499
1032.0,1032.0,0.0027345754
1033.0,1033.0,0.011216139
1034.0,1034.0,0.0030114285
1035.0,1035.0,0.4172538
1036.0,1036.0,0.034850262
1037.0,1037.0,0.38609093
1038.0,1038.0,0.0027020704
1039.0,1039.0,0.72176313
1040.0,1040.0,0.014035012
1041.0,1041.0,0.015130962
1042.0,1042.0,3.8892103E-4
1043.0,1043.0,0.73641884
1044.0,1044.0,0.09968013
1045.0,1045.0,0.004079956
1046.0,1046.0,0.6604941
1047.0,1047.0,0.020897513
1048.0,1048.0,0.6496628
1049.0,1049.0,0.59109485
1050.0,1050.0,1.9602817E-4
1051.0,1051.0,0.6032843
1052.0,1052.0,0.41117895
1053.0,1053.0,0.015892478
1054.0,1054.0,3.369335E-4
1055.0,1055.0,0.028777411
1056.0,1056.0,6.0499756E-4
1057.0,1057.0,2.3353704E-4
1058.0,1058.0,0.24359511
1059.0,1059.0,0.04839335
1060.0,1060.0,0.06873107
1061.0,1061.0,0.07608848
1062.0,1062.0,0.12489713
1063.0,1063.0,0.052777022
1064.0,1064.0,0.0022466935
1065.0,1065.0,0.083000794
1066.0,1066.0,0.56364846
1067.0,1067.0,0.38881108
1068.0,1068.0,0.2021251
1069.0,1069.0,0.02201148
1070.0,1070.0,0.012653455
1071.0,1071.0,0.25271264
1072.0,1072.0,0.03142579
1073.0,1073.0,0.31160736
1074.0,1074.0,0.046896253
1075.0,1075.0,0.0026987367
1076.0,1076.0,0.0073578293
1077.0,1077.0,9.831355E-5
1078.0,1078.0,0.006678727
1079.0,1079.0,6.9389236E-4
1080.0,1080.0,0.038007237
1081.0,1081.0,0.009499102
1082.0,1082.0,0.044623833
1083.0,1083.0,0.0021139516
1084.0,1084.0,0.09366905
1085.0,1085.0,0.17798023
1086.0,1086.0,0.39087108
1087.0,1087.0,0.019486023
1088.0,1088.0,0.34377113
1089.0,1089.0,3.9866733E-5
1090.0,1090.0,0.026633296
1091.0,1091.0,0.0023946299
1092.0,1092.0,6.465991E-4
1093.0,1093.0,0.0071254843
1094.0,1094.0,0.034093253
1095.0,1095.0,0.0031710505
1096.0,1096.0,0.030565439
1097.0,1097.0,5.585056E-4
1098.0,1098.0,0.06253909
1099.0,1099.0,0.02708143
1100.0,1100.0,0.53667337
1101.0,1101.0,0.015725385
1102.0,1102.0,0.17522064
1103.0,1103.0,0.31222892
1104.0,1104.0,0.018515568
1105.0,1105.0,0.012179913
1106.0,1106.0,2.0870268E-4
1107.0,1107.0,0.0046178787
1108.0,1108.0,4.1980713E-4
1109.0,1109.0,0.008162139
1110.0,1110.0,0.04216176
1111.0,1111.0,0.021911321
1112.0,1112.0,0.04038693
1113.0,1113.0,4.898332E-4
1114.0,1114.0,5.228598E-5
1115.0,1115.0,0.003783498
1116.0,1116.0,0.6701801
1117.0,1117.0,0.0044193403
1118.0,1118.0,6.650772E-4
1119.0,1119.0,0.0061022816
1120.0,1120.0,0.058509767
1121.0,1121.0,0.032460228
1122.0,1122.0,0.0865407
1123.0,1123.0,0.012643579
1124.0,1124.0,0.55528206
1125.0,1125.0,0.028306605
1126.0,1126.0,0.23535517
1127.0,1127.0,0.25537983
1128.0,1128.0,0.21148255
1129.0,1129.0,0.118401125
1130.0,1130.0,0.0012250338
1131.0,1131.0,0.58042556
1132.0,1132.0,0.016924918
1133.0,1133.0,0.55740285
1134.0,1134.0,0.001594204
1135.0,1135.0,0.47927544
1136.0,1136.0,9.0679363E-4
1137.0,1137.0,0.004487352
1138.0,1138.0,0.48402485
1139.0,1139.0,0.007293711
1140.0,1140.0,0.14438522
1141.0,1141.0,0.0029725805
1142.0,1142.0,0.5123495
1143.0,1143.0,0.09937614
1144.0,1144.0,0.19199267
1145.0,1145.0,0.024835493
1146.0,1146.0,0.01177312
1147.0,1147.0,0.009693033
1148.0,1148.0,0.028525226
1149.0,1149.0,0.71455324
1150.0,1150.0,0.015837383
1151.0,1151.0,0.027880162
1152.0,1152.0,0.100830525
1153.0,1153.0,0.25653434
1154.0,1154.0,0.005880402
1155.0,1155.0,0.058678083
1156.0,1156.0,0.023304693
1157.0,1157.0,0.28979987
1158.0,1158.0,8.985641E-4
1159.0,1159.0,0.0031825071
1160.0,1160.0,0.019528793
1161.0,1161.0,0.008609571
1162.0,1162.0,0.32551238
1163.0,1163.0,0.0017663301
1164.0,1164.0,0.023743361
1165.0,1165.0,0.18969575
1166.0,1166.0,0.01145484
1167.0,1167.0,0.022049423
1168.0,1168.0,0.025555812
1169.0,1169.0,0.09056266
1170.0,1170.0,0.06037
1171.0,1171.0,1.1084501E-4
1172.0,1172.0,0.013084588
1173.0,1173.0,5.581103E-4
1174.0,1174.0,0.023231734
1175.0,1175.0,0.007268879
1176.0,1176.0,0.22022995
1177.0,1177.0,0.36244223
1178.0,1178.0,4.077518E-4
1179.0,1179.0,0.015690818
1180.0,1180.0,0.009348866
1181.0,1181.0,3.5919758E-4
1182.0,1182.0,0.47898126
1183.0,1183.0,0.005435171
1184.0,1184.0,6.3389656E-4
1185.0,1185.0,0.030046443
1186.0,1186.0,0.6302064
1187.0,1187.0,0.37851447
1188.0,1188.0,0.01647025
1189.0,1189.0,0.59573525
1190.0,1190.0,2.064072E-4
1191.0,1191.0,0.02251831
1192.0,1192.0,0.08044176
1193.0,1193.0,0.25946108
1194.0,1194.0,3.3145965E-4
1195.0,1195.0,0.0688205
1196.0,1196.0,0.104605116
1197.0,1197.0,0.16828215
1198.0,1198.0,3.4342016E-4
1199.0,1199.0,0.021617655
1200.0,1200.0,0.022512818
1201.0,1201.0,0.0035759679
1202.0,1202.0,0.009168237
1203.0,1203.0,0.036436114
1204.0,1204.0,6.1966944E-4
1205.0,1205.0,0.0260239
1206.0,1206.0,0.12914415
1207.0,1207.0,0.031088972
1208.0,1208.0,0.016203618
1209.0,1209.0,0.03853792
1210.0,1210.0,3.374322E-4
1211.0,1211.0,2.0602561E-4
1212.0,1212.0,0.6034254
1213.0,1213.0,0.033138987
1214.0,1214.0,0.0077177035
1215.0,1215.0,0.069437176
1216.0,1216.0,0.004997301
1217.0,1217.0,0.008386683
1218.0,1218.0,0.6643973
1219.0,1219.0,0.0052489983
1220.0,1220.0,1.0558129E-4
1221.0,1221.0,0.4557072
1222.0,1222.0,0.040837903
1223.0,1223.0,9.238356E-4
1224.0,1224.0,5.094517E-4
1225.0,1225.0,0.17511025
1226.0,1226.0,0.54918075
1227.0,1227.0,0.002764391
1228.0,1228.0,0.43687564
1229.0,1229.0,0.010338439
1230.0,1230.0,0.001035058
1231.0,1231.0,0.009344616
1232.0,1232.0,0.6452966
1233.0,1233.0,0.008651118
1234.0,1234.0,0.0055141402
1235.0,1235.0,0.03924632
1236.0,1236.0,0.01525947
1237.0,1237.0,0.036582705
1238.0,1238.0,9.1597135E-4
1239.0,1239.0,0.008005805
1240.0,1240.0,0.022327412
1241.0,1241.0,0.6499217
1242.0,1242.0,0.0019486904
1243.0,1243.0,0.0011742108
1244.0,1244.0,0.026003681
1245.0,1245.0,0.3803305
1246.0,1246.0,0.0012044896
1247.0,1247.0,0.044941735
1248.0,1248.0,0.03508734
1249.0,1249.0,0.0050188745
1250.0,1250.0,0.25354576
1251.0,1251.0,6.037184E-4
1252.0,1252.0,0.038639206
1253.0,1253.0,0.033806734
1254.0,1254.0,0.017988442
1255.0,1255.0,0.03145057
1256.0,1256.0,0.016389353
1257.0,1257.0,0.0020979773
1258.0,1258.0,0.62996393
1259.0,1259.0,0.010532224
1260.0,1260.0,0.023195518
1261.0,1261.0,0.077754475
1262.0,1262.0,0.0031109608
1263.0,1263.0,0.047756415
1264.0,1264.0,0.14585127
1265.0,1265.0,0.0012136032
1266.0,1266.0,0.29170164
1267.0,1267.0,0.0038750605
1268.0,1268.0,0.19978946
1269.0,1269.0,0.0010044381
1270.0,1270.0,0.04717407
1271.0,1271.0,0.5459893
1272.0,1272.0,0.0043046
1273.0,1273.0,0.64454263
1274.0,1274.0,0.01170199
1275.0,1275.0,0.018206796
1276.0,1276.0,8.4905064E-4
1277.0,1277.0,0.38839185
1278.0,1278.0,0.009895195
1279.0,1279.0,0.017175172
1280.0,1280.0,0.29099494
1281.0,1281.0,0.36966008
1282.0,1282.0,0.6101004
1283.0,1283.0,0.08770747
1284.0,1284.0,0.008634485
1285.0,1285.0,0.5106966
1286.0,1286.0,0.022357894
1287.0,1287.0,0.05723046
1288.0,1288.0,0.21277726
1289.0,1289.0,0.0029689486
1290.0,1290.0,0.5117101
1291.0,1291.0,5.698564E-4
1292.0,1292.0,0.023936871
1293.0,1293.0,0.04357922
1294.0,1294.0,0.16314882
1295.0,1295.0,0.0022747118
1296.0,1296.0,0.078993656
1297.0,1297.0,0.4869565
1298.0,1298.0,0.08616876
1299.0,1299.0,0.07705472
1300.0,1300.0,0.75517017
1301.0,1301.0,0.41922688
1302.0,1302.0,0.34076324
1303.0,1303.0,0.1226954
1304.0,1304.0,0.42486763
1305.0,1305.0,0.043607987
1306.0,1306.0,0.0048721195
1307.0,1307.0,0.0026169554
1308.0,1308.0,0.0011416144
1309.0,1309.0,0.006356255
1310.0,1310.0,0.2009792
1311.0,1311.0,0.025585132
1312.0,1312.0,0.023807382
1313.0,1313.0,7.6219026E-4
1314.0,1314.0,2.1884289E-4
1315.0,1315.0,4.5514686E-4
1316.0,1316.0,0.005213925
1317.0,1317.0,0.20565912
1318.0,1318.0,0.023259973
1319.0,1319.0,0.034274746
1320.0,1320.0,0.0016505297
1321.0,1321.0,0.49615255
1322.0,1322.0,0.012329932
1323.0,1323.0,0.23431776
1324.0,1324.0,0.31347105
1325.0,1325.0,0.42981404
1326.0,1326.0,0.063456826
1327.0,1327.0,0.00435619
1328.0,1328.0,0.22159082
1329.0,1329.0,0.12092946
1330.0,1330.0,0.74477804
1331.0,1331.0,0.1880059
1332.0,1332.0,0.041058358
1333.0,1333.0,0.0015203223
1334.0,1334.0,0.06104731
1335.0,1335.0,0.032267988
1336.0,1336.0,0.049356
1337.0,1337.0,0.2450124
1338.0,1338.0,0.18351291
1339.0,1339.0,2.0997261E-4
1340.0,1340.0,0.568668
1341.0,1341.0,5.4260767E-5
1342.0,1342.0,0.20621304
1343.0,1343.0,0.41970515
1344.0,1344.0,0.044403847
1345.0,1345.0,0.059013646
1346.0,1346.0,0.32172605
1347.0,1347.0,0.029431451
1348.0,1348.0,0.078132376
1349.0,1349.0,0.33121455
1350.0,1350.0,0.7743539
1351.0,1351.0,8.676121E-5
1352.0,1352.0,0.0032695283
1353.0,1353.0,0.008512804
1354.0,1354.0,0.20331398
1355.0,1355.0,0.0034551693
1356.0,1356.0,0.29962102
1357.0,1357.0,0.32032847
1358.0,1358.0,5.602605E-4
1359.0,1359.0,0.0010140121
1360.0,1360.0,0.005130382
1361.0,1361.0,5.3151214E-4
1362.0,1362.0,0.4239689
1363.0,1363.0,7.204844E-4
1364.0,1364.0,8.54418E-4
1365.0,1365.0,0.022820096
1366.0,1366.0,0.009866031
1367.0,1367.0,0.51924115
1368.0,1368.0,0.023136046
1369.0,1369.0,0.0071650716
1370.0,1370.0,0.18019351
1371.0,1371.0,0.0045799986
1372.0,1372.0,2.5382312E-4
1373.0,1373.0,0.013445824
1374.0,1374.0,0.6804031
1375.0,1375.0,0.10531045
1376.0,1376.0,4.7567E-4
1377.0,1377.0,0.0063592093
1378.0,1378.0,0.19227307
1379.0,1379.0,0.05020514
1380.0,1380.0,0.022939561
1381.0,1381.0,4.9855273E-5
1382.0,1382.0,4.3622477E-4
1383.0,1383.0,0.24172504
1384.0,1384.0,0.007290228
1385.0,1385.0,0.2231508
1386.0,1386.0,0.032549363
1387.0,1387.0,0.53339946
1388.0,1388.0,0.0018798616
1389.0,1389.0,0.057921506
1390.0,1390.0,0.03869809
1391.0,1391.0,0.032594103
1392.0,1392.0,0.0014107442
1393.0,1393.0,0.13411075
1394.0,1394.0,4.8427732E-4
1395.0,1395.0,0.014144564
1396.0,1396.0,0.008570418
1397.0,1397.0,0.007824931
1398.0,1398.0,0.6649764
1399.0,1399.0,4.391267E-4
1400.0,1400.0,0.19030406
1401.0,1401.0,1.3342498E-4
1402.0,1402.0,0.3452732
1403.0,1403.0,0.0023530512
1404.0,1404.0,0.21676981
1405.0,1405.0,0.49717277
1406.0,1406.0,0.006888172
1407.0,1407.0,0.47509435
1408.0,1408.0,0.19473194
1409.0,1409.0,0.026281793
1410.0,1410.0,0.45093226
1411.0,1411.0,0.004386935
1412.0,1412.0,0.662196
1413.0,1413.0,0.047631934
1414.0,1414.0,0.5208528
1415.0,1415.0,0.015058787
1416.0,1416.0,0.3153925
1417.0,1417.0,0.5090048
1418.0,1418.0,0.032855865
1419.0,1419.0,0.10967363
1420.0,1420.0,0.040596135
1421.0,1421.0,0.01540461
1422.0,1422.0,0.5958635
1423.0,1423.0,0.0105067175
1424.0,1424.0,0.040959198
1425.0,1425.0,0.008863661
1426.0,1426.0,0.0027588785
1427.0,1427.0,0.5713161
1428.0,1428.0,0.13047877
1429.0,1429.0,0.48669058
1430.0,1430.0,0.42914984
1431.0,1431.0,0.0118303485
1432.0,1432.0,0.039205913
1433.0,1433.0,0.39479652
1434.0,1434.0,0.0010798129
1435.0,1435.0,0.17152327
1436.0,1436.0,6.0810114E-4
1437.0,1437.0,0.16457392
1438.0,1438.0,0.5877007
1439.0,1439.0,0.13951676
1440.0,1440.0,0.02952986
1441.0,1441.0,0.03405465
1442.0,1442.0,0.046705607
1443.0,1443.0,0.100381844
1444.0,1444.0,0.010105626
1445.0,1445.0,0.043304093
1446.0,1446.0,0.0128277205
1447.0,1447.0,1.3461593E-4
1448.0,1448.0,0.09863026
1449.0,1449.0,0.0015947868
1450.0,1450.0,0.019037152
1451.0,1451.0,0.013584816
1452.0,1452.0,0.1845163
1453.0,1453.0,0.0010220305
1454.0,1454.0,0.23850511
1455.0,1455.0,4.5594602E-4
1456.0,1456.0,4.978787E-4
1457.0,1457.0,0.005726895
1458.0,1458.0,0.019591289
1459.0,1459.0,0.0016791521
1460.0,1460.0,0.46403092
1461.0,1461.0,0.11307365
1462.0,1462.0,0.0028600043
1463.0,1463.0,0.0028879866
1464.0,1464.0,0.013913435
1465.0,1465.0,0.100229695
1466.0,1466.0,0.27853212
1467.0,1467.0,0.0030841175
1468.0,1468.0,0.022569817
1469.0,1469.0,8.0850266E-4
1470.0,1470.0,0.0015394596
1471.0,1471.0,4.5795285E-5
1472.0,1472.0,0.10608479
1473.0,1473.0,0.015580999
1474.0,1474.0,0.054844253
1475.0,1475.0,0.019027254
1476.0,1476.0,0.20394257
1477.0,1477.0,0.20058861
1478.0,1478.0,0.4612375
1479.0,1479.0,0.0076911263
1480.0,1480.0,0.6549443
1481.0,1481.0,0.0636676
1482.0,1482.0,0.045562204
1483.0,1483.0,0.55097336
1484.0,1484.0,2.721999E-4
1485.0,1485.0,8.7412255E-4
1486.0,1486.0,0.0020516326
1487.0,1487.0,0.50432837
1488.0,1488.0,0.0022788418
1489.0,1489.0,0.016824879
1490.0,1490.0,6.9625507E-4
1491.0,1491.0,0.022919118
1492.0,1492.0,0.0071899835
1493.0,1493.0,0.001508429
1494.0,1494.0,0.18620901
1495.0,1495.0,0.4893734
1496.0,1496.0,0.032700717
1497.0,1497.0,0.7503148
1498.0,1498.0,0.68345773
1499.0,1499.0,0.019427268
1500.0,1500.0,0.02312852
1501.0,1501.0,0.01546129
1502.0,1502.0,0.092084855
1503.0,1503.0,7.606855E-4
1504.0,1504.0,0.0020589752
1505.0,1505.0,0.0015354144
1506.0,1506.0,6.122569E-4
1507.0,1507.0,0.25838387
1508.0,1508.0,0.033261053
1509.0,1509.0,0.23557709
1510.0,1510.0,0.08561262
1511.0,1511.0,0.48065773
1512.0,1512.0,0.03264972
1513.0,1513.0,0.048043333
1514.0,1514.0,0.56682986
1515.0,1515.0,0.3096947
1516.0,1516.0,0.305018
1517.0,1517.0,0.1285464
1518.0,1518.0,0.009343274
1519.0,1519.0,0.0013780904
1520.0,1520.0,0.0017294202
1521.0,1521.0,0.00421728
1522.0,1522.0,0.44842282
1523.0,1523.0,0.008298792
1524.0,1524.0,0.55536395
1525.0,1525.0,0.17956048
1526.0,1526.0,5.761956E-4
1527.0,1527.0,0.015332117
1528.0,1528.0,0.41417706
1529.0,1529.0,0.62342906
1530.0,1530.0,0.03322205
1531.0,1531.0,0.001200942
1532.0,1532.0,0.08451105
1533.0,1533.0,0.007892805
1534.0,1534.0,0.026136262
1535.0,1535.0,0.4406683
1536.0,1536.0,0.04038381
1537.0,1537.0,0.0017107404
1538.0,1538.0,0.027885104
1539.0,1539.0,4.910671E-4
1540.0,1540.0,0.011555939
1541.0,1541.0,0.023877393
1542.0,1542.0,0.16069499
1543.0,1543.0,0.002825621
1544.0,1544.0,0.601184
1545.0,1545.0,0.0034461801
1546.0,1546.0,0.0021103832
1547.0,1547.0,0.0063235685
1548.0,1548.0,0.22842458
1549.0,1549.0,0.004352173
1550.0,1550.0,0.23357107
1551.0,1551.0,0.0038932639
1552.0,1552.0,0.20521753
1553.0,1553.0,0.01866368
1554.0,1554.0,0.6076486
1555.0,1555.0,0.12552232
1556.0,1556.0,0.06168527
1557.0,1557.0,2.9295293E-4
1558.0,1558.0,0.008430796
1559.0,1559.0,0.5499324
1560.0,1560.0,0.034968454
1561.0,1561.0,9.027701E-5
1562.0,1562.0,0.00759362
1563.0,1563.0,2.1935567E-4
1564.0,1564.0,0.0011666119
1565.0,1565.0,0.005769984
1566.0,1566.0,0.33848134
1567.0,1567.0,0.06912827
1568.0,1568.0,0.061793905
1569.0,1569.0,0.011031269
1570.0,1570.0,0.0033797673
1571.0,1571.0,0.02016176
1572.0,1572.0,0.012321622
1573.0,1573.0,0.029444858
1574.0,1574.0,0.006850508
1575.0,1575.0,0.019083431
1576.0,1576.0,5.84555E-4
1577.0,1577.0,0.0045832032
1578.0,1578.0,0.06870276
1579.0,1579.0,0.0025487232
1580.0,1580.0,0.04981827
1581.0,1581.0,0.010681591
1582.0,1582.0,0.022779102
1583.0,1583.0,0.0010511302
1584.0,1584.0,0.31475323
1585.0,1585.0,0.47818205
1586.0,1586.0,0.06028364
1587.0,1587.0,0.54349077
1588.0,1588.0,0.0036910092
1589.0,1589.0,0.53292936
1590.0,1590.0,0.21907906
1591.0,1591.0,7.739737E-4
1592.0,1592.0,0.30700642
1593.0,1593.0,0.06673445
1594.0,1594.0,0.0021754333
1595.0,1595.0,0.31954587
1596.0,1596.0,0.02699759
1597.0,1597.0,0.01323455
1598.0,1598.0,0.66758406
1599.0,1599.0,0.026114587
1600.0,1600.0,0.30422133
1601.0,1601.0,0.0018537742
1602.0,1602.0,0.0012358611
1603.0,1603.0,0.0045030974
1604.0,1604.0,0.11475519
1605.0,1605.0,0.0047426233
1606.0,1606.0,0.05065012
1607.0,1607.0,0.0011478866
1608.0,1608.0,0.06019327
1609.0,1609.0,0.0031463811
1610.0,1610.0,0.24881746
1611.0,1611.0,6.127941E-4
1612.0,1612.0,0.04452527
1613.0,1613.0,5.4046337E-4
1614.0,1614.0,0.03718438
1615.0,1615.0,0.3886526
1616.0,1616.0,1.2962277E-4
1617.0,1617.0,0.057534486
1618.0,1618.0,0.33713254
1619.0,1619.0,0.029449435
1620.0,1620.0,0.28023154
1621.0,1621.0,0.020031177
1622.0,1622.0,0.038288742
1623.0,1623.0,0.46631747
1624.0,1624.0,0.0022008093
1625.0,1625.0,0.001730013
1626.0,1626.0,0.021805095
1627.0,1627.0,8.5272855E-4
1628.0,1628.0,0.6554474
1629.0,1629.0,0.076813534
1630.0,1630.0,0.30315676
1631.0,1631.0,0.29933164
1632.0,1632.0,0.022468979
1633.0,1633.0,0.32599825
1634.0,1634.0,7.8661856E-4
1635.0,1635.0,0.45249858
1636.0,1636.0,0.122028664
1637.0,1637.0,0.002893689
1638.0,1638.0,4.1405074E-4
1639.0,1639.0,0.0138983345
1640.0,1640.0,0.0016061927
1641.0,1641.0,0.045550548
1642.0,1642.0,2.1032068E-4
1643.0,1643.0,0.010332899
1644.0,1644.0,0.004454518
1645.0,1645.0,0.033521526
1646.0,1646.0,0.063507564
1647.0,1647.0,0.38010037
1648.0,1648.0,0.01497819
1649.0,1649.0,0.65006137
1650.0,1650.0,0.02654531
1651.0,1651.0,0.025151238
1652.0,1652.0,0.0136877475
1653.0,1653.0,0.013412501
1654.0,1654.0,0.0019592114
1655.0,1655.0,0.025306638
1656.0,1656.0,0.36495668
1657.0,1657.0,0.16169645
1658.0,1658.0,0.004834531
1659.0,1659.0,0.033826444
1660.0,1660.0,0.07733473
1661.0,1661.0,9.707525E-4
1662.0,1662.0,0.012572914
1663.0,1663.0,0.053749554
1664.0,1664.0,0.026673354
1665.0,1665.0,0.048333265
1666.0,1666.0,0.017527012
1667.0,1667.0,0.6997629
1668.0,1668.0,0.4151032
1669.0,1669.0,0.012179301
1670.0,1670.0,0.022068284
1671.0,1671.0,0.6409643
1672.0,1672.0,0.14418769
1673.0,1673.0,0.22461425
1674.0,1674.0,0.0630197
1675.0,1675.0,0.6299918
1676.0,1676.0,0.124342725
1677.0,1677.0,0.014847469
1678.0,1678.0,0.2508678
1679.0,1679.0,7.5038895E-4
1680.0,1680.0,0.0906656
1681.0,1681.0,0.041001353
1682.0,1682.0,0.00579752
1683.0,1683.0,0.0032230658
1684.0,1684.0,0.05047442
1685.0,1685.0,0.119032316
1686.0,1686.0,1.9673182E-4
1687.0,1687.0,0.03060779
1688.0,1688.0,0.5285208
1689.0,1689.0,0.2749166
1690.0,1690.0,0.014747355
1691.0,1691.0,0.0035422072
1692.0,1692.0,0.09043921
1693.0,1693.0,0.014828203
1694.0,1694.0,0.52450264
1695.0,1695.0,0.031341184
1696.0,1696.0,0.043961603
1697.0,1697.0,0.27519685
1698.0,1698.0,0.69196236
1699.0,1699.0,0.21323234
1700.0,1700.0,0.017899508
1701.0,1701.0,0.31084955
1702.0,1702.0,0.0994849
1703.0,1703.0,0.4238568
1704.0,1704.0,0.0012258939
1705.0,1705.0,0.017448328
1706.0,1706.0,0.027799333
1707.0,1707.0,0.001025332
1708.0,1708.0,0.4267656
1709.0,1709.0,3.2318052E-4
1710.0,1710.0,0.08988737
1711.0,1711.0,0.13697477
1712.0,1712.0,0.0016696485
1713.0,1713.0,0.04639958
1714.0,1714.0,0.0023695144
1715.0,1715.0,0.0022028205
1716.0,1716.0,0.0028589205
1717.0,1717.0,0.00111494
1718.0,1718.0,0.27492198
1719.0,1719.0,0.026556034
1720.0,1720.0,7.019931E-4
1721.0,1721.0,0.15255633
1722.0,1722.0,0.36337006
1723.0,1723.0,0.068015546
1724.0,1724.0,0.17522328
1725.0,1725.0,0.001680441
1726.0,1726.0,0.062114086
1727.0,1727.0,0.63635737
1728.0,1728.0,0.0072168508
1729.0,1729.0,0.0053073345
1730.0,1730.0,0.024279777
1731.0,1731.0,2.6197333E-5
1732.0,1732.0,0.25706613
1733.0,1733.0,0.56982493
1734.0,1734.0,0.009882404
1735.0,1735.0,0.37119168
1736.0,1736.0,0.014552158
1737.0,1737.0,0.10690536
1738.0,1738.0,0.001333255
1739.0,1739.0,0.1224768
1740.0,1740.0,7.638252E-4
1741.0,1741.0,0.044954844
1742.0,1742.0,0.08785526
1743.0,1743.0,0.047477484
1744.0,1744.0,0.25396875
1745.0,1745.0,0.48593897
1746.0,1746.0,0.05746091
1747.0,1747.0,0.03631747
1748.0,1748.0,0.2757755
1749.0,1749.0,0.062023424
1750.0,1750.0,0.016485685
1751.0,1751.0,0.17473213
1752.0,1752.0,0.107127175
1753.0,1753.0,0.050941996
1754.0,1754.0,0.008008304
1755.0,1755.0,0.05912654
1756.0,1756.0,4.1529196E-4
1757.0,1757.0,0.06327264
1758.0,1758.0,0.086344145
1759.0,1759.0,0.014432862
1760.0,1760.0,0.014989206
1761.0,1761.0,0.095721535
1762.0,1762.0,1.7337763E-4
1763.0,1763.0,0.7638511
1764.0,1764.0,0.04214793
1765.0,1765.0,0.118220985
1766.0,1766.0,0.24832623
1767.0,1767.0,0.22635703
1768.0,1768.0,0.27434334
1769.0,1769.0,0.6296514
1770.0,1770.0,0.042810608
1771.0,1771.0,0.090692624
1772.0,1772.0,0.13799137
1773.0,1773.0,0.047073692
1774.0,1774.0,0.17426215
1775.0,1775.0,0.001882541
1776.0,1776.0,3.4865644E-4
1777.0,1777.0,0.12474083
1778.0,1778.0,0.0036244215
1779.0,1779.0,0.15368731
1780.0,1780.0,0.008603085
1781.0,1781.0,0.030344697
1782.0,1782.0,0.0012266695
1783.0,1783.0,0.10231972
1784.0,1784.0,0.026431555
1785.0,1785.0,0.026633063
1786.0,1786.0,0.008181539
1787.0,1787.0,0.51978946
1788.0,1788.0,8.36271E-4
1789.0,1789.0,6.562186E-4
1790.0,1790.0,0.0032490697
1791.0,1791.0,0.16886821
1792.0,1792.0,0.012017339
1793.0,1793.0,0.091767885
1794.0,1794.0,0.6526799
1795.0,1795.0,0.63460875
1796.0,1796.0,0.5302358
1797.0,1797.0,0.053127587
1798.0,1798.0,0.10549656
1799.0,1799.0,0.076972455
1800.0,1800.0,0.14693297
1801.0,1801.0,0.026868366
1802.0,1802.0,0.09132837
1803.0,1803.0,0.004201968
1804.0,1804.0,0.003076241
1805.0,1805.0,0.4206449
1806.0,1806.0,0.0016227223
1807.0,1807.0,0.0015905276
1808.0,1808.0,8.1846607E-4
1809.0,1809.0,0.037520517
1810.0,1810.0,0.0546992
1811.0,1811.0,0.040914502
1812.0,1812.0,0.001110719
1813.0,1813.0,0.0036158129
1814.0,1814.0,0.0033427158
1815.0,1815.0,0.034477867
1816.0,1816.0,5.8459875E-4
1817.0,1817.0,5.908311E-4
1818.0,1818.0,0.15440245
1819.0,1819.0,7.5548305E-4
1820.0,1820.0,0.01766831
1821.0,1821.0,0.10195617
1822.0,1822.0,0.05908903
1823.0,1823.0,0.15400353
1824.0,1824.0,0.0010548616
1825.0,1825.0,0.0154831745
1826.0,1826.0,0.020127995
1827.0,1827.0,0.35177535
1828.0,1828.0,0.03706111
1829.0,1829.0,0.015970338
1830.0,1830.0,5.1844853E-4
1831.0,1831.0,0.28397417
1832.0,1832.0,0.0011035196
1833.0,1833.0,0.40776968
1834.0,1834.0,0.12769973
1835.0,1835.0,0.0033994087
1836.0,1836.0,2.6393848E-4
1837.0,1837.0,0.7287685
1838.0,1838.0,0.017443148
1839.0,1839.0,0.025973126
1840.0,1840.0,3.1474352E-4
1841.0,1841.0,0.0026827473
1842.0,1842.0,0.011653182
1843.0,1843.0,0.003415002
1844.0,1844.0,0.011224427
1845.0,1845.0,0.0023195976
1846.0,1846.0,0.3220209
1847.0,1847.0,1.2758953E-4
1848.0,1848.0,3.6648853E-4
1849.0,1849.0,0.1656226
1850.0,1850.0,0.072943725
1851.0,1851.0,0.0015713872
1852.0,1852.0,0.10489845
1853.0,1853.0,0.74931943
1854.0,1854.0,0.19048141
1855.0,1855.0,0.0026586582
1856.0,1856.0,0.013448705
1857.0,1857.0,0.003369354
1858.0,1858.0,0.009157515
1859.0,1859.0,0.7403838
1860.0,1860.0,0.019626843
1861.0,1861.0,0.0041302294
1862.0,1862.0,0.0010476427
1863.0,1863.0,0.0036616798
1864.0,1864.0,0.15126395
1865.0,1865.0,0.02378086
1866.0,1866.0,0.013160895
1867.0,1867.0,0.5822383
1868.0,1868.0,0.1107719
1869.0,1869.0,0.0015230459
1870.0,1870.0,0.014966008
1871.0,1871.0,0.015164433
1872.0,1872.0,0.7243501
1873.0,1873.0,0.17134017
1874.0,1874.0,4.3802745E-5
1875.0,1875.0,0.14510201
1876.0,1876.0,0.05034857
1877.0,1877.0,0.0067625204
1878.0,1878.0,0.21431841
1879.0,1879.0,0.25826952
1880.0,1880.0,0.0065801335
1881.0,1881.0,0.036021337
1882.0,1882.0,0.0044937315
1883.0,1883.0,0.5910533
1884.0,1884.0,0.5684987
1885.0,1885.0,0.18880686
1886.0,1886.0,0.2388402
1887.0,1887.0,6.276492E-4
1888.0,1888.0,0.024150528
1889.0,1889.0,0.0039472748
1890.0,1890.0,0.058497496
1891.0,1891.0,1.4713276E-4
1892.0,1892.0,0.0055921627
1893.0,1893.0,0.034000263
1894.0,1894.0,0.0037561443
1895.0,1895.0,0.10458814
1896.0,1896.0,0.020347519
1897.0,1897.0,0.002560895
1898.0,1898.0,2.7171458E-4
1899.0,1899.0,0.0010364269
1900.0,1900.0,0.6610428
1901.0,1901.0,9.0607326E-4
1902.0,1902.0,0.01772958
1903.0,1903.0,0.0048671155
1904.0,1904.0,0.026631515
1905.0,1905.0,0.023756985
1906.0,1906.0,0.1291149
1907.0,1907.0,0.25233468
1908.0,1908.0,0.5076514
1909.0,1909.0,0.14877014
1910.0,1910.0,0.078273155
1911.0,1911.0,0.028888276
1912.0,1912.0,1.7646846E-4
1913.0,1913.0,0.0041868184
1914.0,1914.0,0.33905557
1915.0,1915.0,0.13953991
1916.0,1916.0,0.0026028196
1917.0,1917.0,0.47308528
1918.0,1918.0,0.12972862
1919.0,1919.0,0.08023915
1920.0,1920.0,0.22146374
1921.0,1921.0,0.061993446
1922.0,1922.0,0.014838586
1923.0,1923.0,0.014759397
1924.0,1924.0,0.0047556744
1925.0,1925.0,0.22660501
1926.0,1926.0,0.5784346
1927.0,1927.0,3.6943523E-4
1928.0,1928.0,0.001051243
1929.0,1929.0,0.0011890761
1930.0,1930.0,0.0011411505
1931.0,1931.0,0.014266069
1932.0,1932.0,0.12857533
1933.0,1933.0,0.0012203779
1934.0,1934.0,0.011511902
1935.0,1935.0,0.5168255
1936.0,1936.0,0.048689745
1937.0,1937.0,2.552994E-4
1938.0,1938.0,0.0014660297
1939.0,1939.0,0.69016165
1940.0,1940.0,0.025102342
1941.0,1941.0,0.03471611
1942.0,1942.0,0.6664347
1943.0,1943.0,0.6355433
1944.0,1944.0,0.011048214
1945.0,1945.0,0.1778676
1946.0,1946.0,0.24368322
1947.0,1947.0,0.43600038
1948.0,1948.0,0.027283395
1949.0,1949.0,0.32890934
1950.0,1950.0,0.4107543
1951.0,1951.0,0.28724387
1952.0,1952.0,0.012810064
1953.0,1953.0,0.5523737
1954.0,1954.0,0.02123247
1955.0,1955.0,0.0032808592
1956.0,1956.0,0.009067237
1957.0,1957.0,5.6253816E-4
1958.0,1958.0,0.26298845
1959.0,1959.0,0.015806837
1960.0,1960.0,0.77558696
1961.0,1961.0,0.0017963893
1962.0,1962.0,0.02068599
1963.0,1963.0,0.0063342745
1964.0,1964.0,0.0061816764
1965.0,1965.0,0.15914567
1966.0,1966.0,0.0011335036
1967.0,1967.0,3.7809543E-4
1968.0,1968.0,0.3966978
1969.0,1969.0,0.7065392
1970.0,1970.0,8.44958E-4
1971.0,1971.0,2.3274106E-4
1972.0,1972.0,0.0020970807
1973.0,1973.0,2.9350127E-4
1974.0,1974.0,8.286803E-4
1975.0,1975.0,0.00740508
1976.0,1976.0,0.025440373
1977.0,1977.0,0.0012775186
1978.0,1978.0,0.23182084
1979.0,1979.0,0.09505831
1980.0,1980.0,0.52392596
1981.0,1981.0,0.66816837
1982.0,1982.0,0.0052201385
1983.0,1983.0,0.021853954
1984.0,1984.0,0.29238704
1985.0,1985.0,0.54768145
1986.0,1986.0,0.43304446
1987.0,1987.0,0.61967355
1988.0,1988.0,0.5201267
1989.0,1989.0,0.098744094
1990.0,1990.0,0.007468475
1991.0,1991.0,6.210439E-4
1992.0,1992.0,0.03441695
1993.0,1993.0,0.5410149
1994.0,1994.0,0.034621388
1995.0,1995.0,0.0034482803
1996.0,1996.0,0.0044356664
1997.0,1997.0,0.124706365
1998.0,1998.0,0.0031629074
1999.0,1999.0,0.22641085
2000.0,2000.0,3.6516544E-4
2001.0,2001.0,0.0088349795
2002.0,2002.0,0.35574445
2003.0,2003.0,0.011582996
2004.0,2004.0,0.01889376
2005.0,2005.0,0.342753
2006.0,2006.0,0.002764764
2007.0,2007.0,0.0071560517
2008.0,2008.0,0.010065774
2009.0,2009.0,0.23086542
2010.0,2010.0,0.008166035
2011.0,2011.0,0.0016730863
2012.0,2012.0,2.0860013E-4
2013.0,2013.0,0.305233
2014.0,2014.0,0.018405564
2015.0,2015.0,0.0019732977
2016.0,2016.0,0.5369905
2017.0,2017.0,0.017249672
2018.0,2018.0,9.0846315E-4
2019.0,2019.0,0.019616336
2020.0,2020.0,0.0027473415
2021.0,2021.0,5.169758E-4
2022.0,2022.0,0.12175128
2023.0,2023.0,0.12057401
2024.0,2024.0,0.004411326
2025.0,2025.0,0.012473384
2026.0,2026.0,0.00549309
2027.0,2027.0,4.4871928E-4
2028.0,2028.0,0.009428291
2029.0,2029.0,0.5418845
2030.0,2030.0,7.403744E-4
2031.0,2031.0,0.19723447
2032.0,2032.0,0.755845
2033.0,2033.0,0.61622465
2034.0,2034.0,0.057630345
2035.0,2035.0,0.022018002
2036.0,2036.0,0.0012888294
2037.0,2037.0,0.08382204
2038.0,2038.0,0.7642778
2039.0,2039.0,0.0031093406
2040.0,2040.0,0.11928168
2041.0,2041.0,0.041217647
2042.0,2042.0,1.2982669E-4
2043.0,2043.0,0.16009207
2044.0,2044.0,0.007993583
2045.0,2045.0,0.06707975
2046.0,2046.0,0.0017434299
2047.0,2047.0,0.38552144
2048.0,2048.0,0.005139196
2049.0,2049.0,0.053378887
2050.0,2050.0,0.5488402
2051.0,2051.0,0.16995881
2052.0,2052.0,0.00589845
2053.0,2053.0,0.7779812
2054.0,2054.0,4.959767E-4
2055.0,2055.0,0.0020558296
2056.0,2056.0,0.10522574
2057.0,2057.0,0.047992088
2058.0,2058.0,0.0034429233
2059.0,2059.0,0.23270604
2060.0,2060.0,0.7992579
2061.0,2061.0,0.0035049769
2062.0,2062.0,0.0020894748
2063.0,2063.0,0.009898218
2064.0,2064.0,0.2544319
2065.0,2065.0,0.0033020128
2066.0,2066.0,0.04097012
2067.0,2067.0,0.0049817874
2068.0,2068.0,0.017264
2069.0,2069.0,0.007902969
2070.0,2070.0,0.030741742
2071.0,2071.0,0.0035222878
2072.0,2072.0,6.962269E-4
2073.0,2073.0,0.4019345
2074.0,2074.0,0.025732353
2075.0,2075.0,0.0013620203
2076.0,2076.0,0.053981338
2077.0,2077.0,0.352537
2078.0,2078.0,0.035290692
2079.0,2079.0,0.052178953
2080.0,2080.0,0.22814494
2081.0,2081.0,0.004265217
2082.0,2082.0,0.3449495
2083.0,2083.0,0.13007548
2084.0,2084.0,0.1658499
2085.0,2085.0,0.017937118
2086.0,2086.0,0.07194649
2087.0,2087.0,0.0205768
2088.0,2088.0,0.068058774
2089.0,2089.0,0.6204993
2090.0,2090.0,0.35967565
2091.0,2091.0,0.5946485
2092.0,2092.0,0.5488328
2093.0,2093.0,0.0020567437
2094.0,2094.0,0.052416444
2095.0,2095.0,0.013629557
2096.0,2096.0,0.048797
2097.0,2097.0,0.031498656
2098.0,2098.0,9.523389E-4
2099.0,2099.0,0.09740861
2100.0,2100.0,0.0019489893
2101.0,2101.0,0.14980575
2102.0,2102.0,0.03997655
2103.0,2103.0,0.38326305
2104.0,2104.0,0.11660909
2105.0,2105.0,0.10740547
2106.0,2106.0,3.628584E-4
2107.0,2107.0,0.39567035
2108.0,2108.0,0.009643108
2109.0,2109.0,0.0076401765
2110.0,2110.0,8.151202E-4
2111.0,2111.0,0.3659603
2112.0,2112.0,0.05431067
2113.0,2113.0,0.11871169
2114.0,2114.0,2.1339132E-4
2115.0,2115.0,0.29928207
2116.0,2116.0,0.4076462
2117.0,2117.0,0.0044050473
2118.0,2118.0,0.020691909
2119.0,2119.0,0.37524468
2120.0,2120.0,0.599727
2121.0,2121.0,0.014793306
2122.0,2122.0,0.34354264
2123.0,2123.0,0.2029294
2124.0,2124.0,0.026055135
2125.0,2125.0,0.06580007
2126.0,2126.0,5.9966784E-4
2127.0,2127.0,0.0016126382
2128.0,2128.0,0.58032846
2129.0,2129.0,0.028035246
2130.0,2130.0,0.001116159
2131.0,2131.0,0.47073787
2132.0,2132.0,0.034305144
2133.0,2133.0,0.3881633
2134.0,2134.0,0.3565389
2135.0,2135.0,1.8125617E-4
2136.0,2136.0,0.031134916
2137.0,2137.0,0.0034024096
2138.0,2138.0,0.35253295
2139.0,2139.0,0.0051734974
2140.0,2140.0,0.03999668
2141.0,2141.0,0.41382995
2142.0,2142.0,0.2747911
2143.0,2143.0,0.037126344
2144.0,2144.0,0.0023580713
2145.0,2145.0,0.2498657
2146.0,2146.0,0.008393485
2147.0,2147.0,0.051256046
2148.0,2148.0,0.054618258
2149.0,2149.0,0.0041654194
2150.0,2150.0,0.105036244
2151.0,2151.0,0.14854485
2152.0,2152.0,0.013195711
2153.0,2153.0,0.24232687
2154.0,2154.0,0.011741165
2155.0,2155.0,4.432569E-4
2156.0,2156.0,0.4699809
2157.0,2157.0,0.015160145
2158.0,2158.0,0.020917423
2159.0,2159.0,0.054795768
2160.0,2160.0,6.342497E-5
2161.0,2161.0,0.043791518
2162.0,2162.0,0.5235072
2163.0,2163.0,0.043550376
2164.0,2164.0,0.77656746
2165.0,2165.0,0.70242214
2166.0,2166.0,0.29853493
2167.0,2167.0,0.0013937658
2168.0,2168.0,1.9591305E-4
2169.0,2169.0,9.884333E-4
2170.0,2170.0,1.3368878E-4
2171.0,2171.0,0.22914973
2172.0,2172.0,6.7251397E-4
2173.0,2173.0,0.071385466
2174.0,2174.0,0.0010118898
2175.0,2175.0,0.06360437
2176.0,2176.0,0.0017443259
2177.0,2177.0,0.0017274147
2178.0,2178.0,0.040853657
2179.0,2179.0,2.2685262E-4
2180.0,2180.0,0.08704716
2181.0,2181.0,0.18809487
2182.0,2182.0,0.7936487
2183.0,2183.0,9.809643E-4
2184.0,2184.0,0.025578173
2185.0,2185.0,0.1271119
2186.0,2186.0,0.22537771
2187.0,2187.0,0.12341479
2188.0,2188.0,0.42761588
2189.0,2189.0,0.06493499
2190.0,2190.0,0.011855419
2191.0,2191.0,0.02132325
2192.0,2192.0,0.0025003243
2193.0,2193.0,4.156521E-4
2194.0,2194.0,0.011141331
2195.0,2195.0,0.0510715
2196.0,2196.0,0.44797426
2197.0,2197.0,0.028599443
2198.0,2198.0,9.403873E-4
2199.0,2199.0,1.9782863E-4
2200.0,2200.0,0.031134393
2201.0,2201.0,0.02877006
2202.0,2202.0,0.19236162
2203.0,2203.0,0.24083874
2204.0,2204.0,0.5013209
2205.0,2205.0,9.118885E-4
2206.0,2206.0,0.052364055
2207.0,2207.0,0.0029394957
2208.0,2208.0,0.019870378
2209.0,2209.0,0.27692014
2210.0,2210.0,0.44625202
2211.0,2211.0,0.009848857
2212.0,2212.0,0.7646078
2213.0,2213.0,0.5180967
2214.0,2214.0,0.21401137
2215.0,2215.0,0.022414114
2216.0,2216.0,0.019277066
2217.0,2217.0,0.015326426
2218.0,2218.0,0.05563923
2219.0,2219.0,0.44976664
2220.0,2220.0,1.4543264E-4
2221.0,2221.0,0.0025908537
2222.0,2222.0,0.0028382947
2223.0,2223.0,0.35093698
2224.0,2224.0,0.024538811
2225.0,2225.0,0.09033434
2226.0,2226.0,0.0052392175
2227.0,2227.0,0.005145872
2228.0,2228.0,0.16001984
2229.0,2229.0,0.24866082
2230.0,2230.0,0.011086582
2231.0,2231.0,0.08242795
2232.0,2232.0,0.22271222
2233.0,2233.0,3.4747066E-4
2234.0,2234.0,0.008237249
2235.0,2235.0,0.001025666
2236.0,2236.0,0.0017064713
2237.0,2237.0,0.5150565
2238.0,2238.0,0.002746954
2239.0,2239.0,0.008951346
2240.0,2240.0,0.0039395974
2241.0,2241.0,0.03942884
2242.0,2242.0,0.011378738
2243.0,2243.0,0.015242697
2244.0,2244.0,7.4911874E-4
2245.0,2245.0,0.006530358
2246.0,2246.0,0.19765536
2247.0,2247.0,1.9147522E-4
2248.0,2248.0,0.18035445
2249.0,2249.0,0.011777427
2250.0,2250.0,0.41412804
2251.0,2251.0,0.03272714
2252.0,2252.0,0.11612025
2253.0,2253.0,0.0033781515
2254.0,2254.0,0.031484686
2255.0,2255.0,0.022912385
2256.0,2256.0,0.15426113
2257.0,2257.0,0.15384588
2258.0,2258.0,0.57129586
2259.0,2259.0,0.08885597
2260.0,2260.0,0.018015767
2261.0,2261.0,0.41477787
2262.0,2262.0,0.0045586005
2263.0,2263.0,3.588918E-4
2264.0,2264.0,6.547522E-4
2265.0,2265.0,0.039802108
2266.0,2266.0,0.2406241
2267.0,2267.0,2.3941784E-4
2268.0,2268.0,0.14195637
2269.0,2269.0,0.12273598
2270.0,2270.0,0.0020873256
2271.0,2271.0,0.5482297
2272.0,2272.0,0.004554028
2273.0,2273.0,8.623229E-4
2274.0,2274.0,0.1423855
2275.0,2275.0,0.20028302
2276.0,2276.0,0.0017294065
2277.0,2277.0,0.027062038
2278.0,2278.0,0.0053822747
2279.0,2279.0,0.4816236
2280.0,2280.0,0.075832754
2281.0,2281.0,0.00352789
2282.0,2282.0,0.006607914
2283.0,2283.0,0.040106338
2284.0,2284.0,0.14065695
2285.0,2285.0,5.134958E-4
2286.0,2286.0,0.001503494
2287.0,2287.0,0.06401835
2288.0,2288.0,0.24927805
2289.0,2289.0,6.779283E-4
2290.0,2290.0,1.7927235E-4
2291.0,2291.0,0.0531294
2292.0,2292.0,0.53982645
2293.0,2293.0,0.12319436
2294.0,2294.0,0.033623196
2295.0,2295.0,0.022731531
2296.0,2296.0,0.436665
2297.0,2297.0,0.09031656
2298.0,2298.0,0.63358927
2299.0,2299.0,0.11378511
2300.0,2300.0,0.027561884
2301.0,2301.0,0.17906687
2302.0,2302.0,0.08178942
2303.0,2303.0,0.16251181
2304.0,2304.0,0.0010834688
2305.0,2305.0,0.096067384
2306.0,2306.0,0.26152655
2307.0,2307.0,0.122791745
2308.0,2308.0,0.6350487
2309.0,2309.0,0.18544634
2310.0,2310.0,0.0188345
2311.0,2311.0,3.6533925E-4
2312.0,2312.0,0.004482589
2313.0,2313.0,4.31413E-4
2314.0,2314.0,0.0022390573
2315.0,2315.0,0.008392707
2316.0,2316.0,0.16269773
2317.0,2317.0,5.9642887E-5
2318.0,2318.0,4.083763E-4
2319.0,2319.0,0.026390975
2320.0,2320.0,0.24146138
2321.0,2321.0,0.11913001
2322.0,2322.0,3.184909E-4
2323.0,2323.0,0.0373372
2324.0,2324.0,0.09836657
2325.0,2325.0,0.5444673
2326.0,2326.0,0.0022811086
2327.0,2327.0,0.011206765
2328.0,2328.0,0.004088362
2329.0,2329.0,4.0084246E-4
2330.0,2330.0,0.030447954
2331.0,2331.0,0.0961535
2332.0,2332.0,0.0028527367
2333.0,2333.0,0.011711604
2334.0,2334.0,0.17856826
2335.0,2335.0,0.013935018
2336.0,2336.0,0.08942
2337.0,2337.0,0.020087747
2338.0,2338.0,0.012942402
2339.0,2339.0,0.0011897789
2340.0,2340.0,0.39668357
2341.0,2341.0,0.013033978
2342.0,2342.0,0.16738802
2343.0,2343.0,0.05510079
2344.0,2344.0,0.013197113
2345.0,2345.0,0.16754666
2346.0,2346.0,0.641342
2347.0,2347.0,0.0011241412
2348.0,2348.0,0.09724148
2349.0,2349.0,0.044057168
2350.0,2350.0,8.880534E-4
2351.0,2351.0,0.056448113
2352.0,2352.0,0.29089916
2353.0,2353.0,2.2438147E-4
2354.0,2354.0,0.013079056
2355.0,2355.0,0.07132386
2356.0,2356.0,0.038404148
2357.0,2357.0,0.050374795
2358.0,2358.0,0.0425789
2359.0,2359.0,0.011630887
2360.0,2360.0,0.029911162
2361.0,2361.0,0.008875363
2362.0,2362.0,0.018668953
2363.0,2363.0,0.032095894
2364.0,2364.0,0.012513126
2365.0,2365.0,8.056114E-5
2366.0,2366.0,0.03800802
2367.0,2367.0,0.01876902
2368.0,2368.0,0.013056753
2369.0,2369.0,4.6636164E-4
2370.0,2370.0,0.030746011
2371.0,2371.0,0.027931917
2372.0,2372.0,0.12860832
2373.0,2373.0,0.27422822
2374.0,2374.0,0.012241483
2375.0,2375.0,0.3934471
2376.0,2376.0,0.0019070674
2377.0,2377.0,0.17677471
2378.0,2378.0,0.08827707
2379.0,2379.0,0.427617
2380.0,2380.0,0.2729536
2381.0,2381.0,0.11090585
2382.0,2382.0,0.050040003
2383.0,2383.0,0.0042532748
2384.0,2384.0,0.009388486
2385.0,2385.0,0.022755159
2386.0,2386.0,0.0053013
2387.0,2387.0,0.7847609
2388.0,2388.0,0.011950345
2389.0,2389.0,0.15268718
2390.0,2390.0,0.16315652
2391.0,2391.0,0.14013098
2392.0,2392.0,0.30688462
2393.0,2393.0,1.5274576E-4
2394.0,2394.0,0.0045552957
2395.0,2395.0,6.659873E-4
2396.0,2396.0,0.012294384
2397.0,2397.0,0.4417785
2398.0,2398.0,0.13426426
2399.0,2399.0,8.196483E-4
2400.0,2400.0,0.006787787
2401.0,2401.0,0.004811363
2402.0,2402.0,8.4539095E-4
2403.0,2403.0,0.015744405
2404.0,2404.0,0.01880041
2405.0,2405.0,0.05124185
2406.0,2406.0,0.014860101
2407.0,2407.0,0.6938543
2408.0,2408.0,0.0016058942
2409.0,2409.0,0.0010689205
2410.0,2410.0,0.5068268
2411.0,2411.0,0.0015700174
2412.0,2412.0,0.09734408
2413.0,2413.0,0.081126004
2414.0,2414.0,0.03008889
2415.0,2415.0,0.0787699
2416.0,2416.0,0.013260332
2417.0,2417.0,0.47958243
2418.0,2418.0,0.030680915
2419.0,2419.0,0.008689373
2420.0,2420.0,0.007582056
2421.0,2421.0,2.1717744E-4
2422.0,2422.0,0.24418256
2423.0,2423.0,0.034637045
2424.0,2424.0,0.02997129
2425.0,2425.0,0.001239011
2426.0,2426.0,0.5961327
2427.0,2427.0,0.0022401412
2428.0,2428.0,0.03004692
2429.0,2429.0,0.028254574
2430.0,2430.0,0.0071345707
2431.0,2431.0,0.6853035
2432.0,2432.0,0.015682999
2433.0,2433.0,0.0027492389
2434.0,2434.0,0.036007736
2435.0,2435.0,0.25491244
2436.0,2436.0,0.025217216
2437.0,2437.0,0.014536975
2438.0,2438.0,0.029125538
2439.0,2439.0,0.12796378
2440.0,2440.0,0.025734864
2441.0,2441.0,0.0015638258
2442.0,2442.0,0.018722134
2443.0,2443.0,0.05309349
2444.0,2444.0,0.002264218
2445.0,2445.0,0.5828584
2446.0,2446.0,0.027550306
2447.0,2447.0,0.0010520458
2448.0,2448.0,0.2950924
2449.0,2449.0,0.32930726
2450.0,2450.0,0.030024705
2451.0,2451.0,0.0028579552
2452.0,2452.0,0.0030414036
2453.0,2453.0,0.07743034
2454.0,2454.0,1.9109454E-4
2455.0,2455.0,0.0077903
2456.0,2456.0,0.005827346
2457.0,2457.0,0.42837864
2458.0,2458.0,0.025729463
2459.0,2459.0,0.0026246354
2460.0,2460.0,0.14399959
2461.0,2461.0,0.12801556
2462.0,2462.0,0.0012558156
2463.0,2463.0,0.0015191269
2464.0,2464.0,0.6726449
2465.0,2465.0,0.022098815
2466.0,2466.0,0.011494785
2467.0,2467.0,0.014946479
2468.0,2468.0,0.3953084
2469.0,2469.0,2.8438232E-4
2470.0,2470.0,0.008242606
2471.0,2471.0,0.0035451045
2472.0,2472.0,8.567219E-4
2473.0,2473.0,0.534937
2474.0,2474.0,0.35974717
2475.0,2475.0,0.021912467
2476.0,2476.0,0.109013245
2477.0,2477.0,0.0424808
2478.0,2478.0,0.0677522
2479.0,2479.0,0.36253116
2480.0,2480.0,0.70306796
2481.0,2481.0,0.5847027
2482.0,2482.0,0.12228127
2483.0,2483.0,0.6124349
2484.0,2484.0,1.5295741E-4
2485.0,2485.0,0.0038278045
2486.0,2486.0,0.67379856
2487.0,2487.0,0.009479296
2488.0,2488.0,0.5579524
2489.0,2489.0,0.04787315
2490.0,2490.0,0.005315418
2491.0,2491.0,0.0063489596
2492.0,2492.0,0.035966128
2493.0,2493.0,0.024358317
2494.0,2494.0,0.0035677056
2495.0,2495.0,0.020834602
2496.0,2496.0,0.021711145
2497.0,2497.0,0.48285022
2498.0,2498.0,0.703345
2499.0,2499.0,0.29837975
2500.0,2500.0,0.011888504
2501.0,2501.0,3.064531E-4
2502.0,2502.0,0.5061694
2503.0,2503.0,0.052306276
2504.0,2504.0,0.3617495
2505.0,2505.0,0.029241951
2506.0,2506.0,0.58630234
2507.0,2507.0,0.0011616863
2508.0,2508.0,0.0072144186
2509.0,2509.0,0.04353296
2510.0,2510.0,0.14060307
2511.0,2511.0,0.017050415
2512.0,2512.0,0.037562303
2513.0,2513.0,1.9404496E-4
2514.0,2514.0,0.07289002
2515.0,2515.0,0.408363
2516.0,2516.0,5.857197E-4
2517.0,2517.0,0.20015524
2518.0,2518.0,0.018677752
2519.0,2519.0,2.3289144E-4
2520.0,2520.0,0.019496212
2521.0,2521.0,8.181706E-4
2522.0,2522.0,0.00564871
2523.0,2523.0,0.15285537
2524.0,2524.0,2.3356597E-4
2525.0,2525.0,0.0074635763
2526.0,2526.0,0.030434128
2527.0,2527.0,0.013182068
2528.0,2528.0,0.019105727
2529.0,2529.0,0.008756334
2530.0,2530.0,0.0037509468
2531.0,2531.0,8.191044E-4
2532.0,2532.0,0.04283972
2533.0,2533.0,0.042963393
2534.0,2534.0,0.0076823574
2535.0,2535.0,0.03218929
2536.0,2536.0,0.03418916
2537.0,2537.0,0.6486795
2538.0,2538.0,0.0017917788
2539.0,2539.0,0.0040517356
2540.0,2540.0,0.006360298
2541.0,2541.0,0.061641607
2542.0,2542.0,0.016396059
2543.0,2543.0,0.056528963
2544.0,2544.0,0.0224685
2545.0,2545.0,0.19262968
2546.0,2546.0,0.32443073
2547.0,2547.0,0.13671736
2548.0,2548.0,1.835286E-4
2549.0,2549.0,0.36292896
2550.0,2550.0,0.0012256486
2551.0,2551.0,1.8993713E-4
2552.0,2552.0,0.2025229
2553.0,2553.0,0.054744348
2554.0,2554.0,0.030712694
2555.0,2555.0,0.0038621638
2556.0,2556.0,0.18795423
2557.0,2557.0,0.021583693
2558.0,2558.0,0.011158184
2559.0,2559.0,0.026138913
2560.0,2560.0,3.6837245E-4
2561.0,2561.0,8.65962E-4
2562.0,2562.0,0.048938163
2563.0,2563.0,0.035993066
2564.0,2564.0,0.10070224
2565.0,2565.0,0.0012698206
2566.0,2566.0,0.0038501986
2567.0,2567.0,0.07002892
2568.0,2568.0,0.6297448
2569.0,2569.0,0.003541579
2570.0,2570.0,0.08805786
2571.0,2571.0,0.07199335
2572.0,2572.0,0.06192903
2573.0,2573.0,0.0063156392
2574.0,2574.0,0.446469
2575.0,2575.0,0.09287115
2576.0,2576.0,0.024067137
2577.0,2577.0,0.10819199
2578.0,2578.0,0.02056733
2579.0,2579.0,0.003079458
2580.0,2580.0,0.20671993
2581.0,2581.0,0.044327606
2582.0,2582.0,0.0010514689
2583.0,2583.0,0.022119554
2584.0,2584.0,0.13574108
2585.0,2585.0,0.0050084796
2586.0,2586.0,0.028779779
2587.0,2587.0,0.0039906506
2588.0,2588.0,0.021518776
2589.0,2589.0,0.04330714
2590.0,2590.0,0.018545039
2591.0,2591.0,0.0014678814
2592.0,2592.0,0.0016520307
2593.0,2593.0,0.35318357
2594.0,2594.0,0.5948463
2595.0,2595.0,0.21182647
2596.0,2596.0,0.011347714
2597.0,2597.0,0.6411648
2598.0,2598.0,0.0593161
2599.0,2599.0,0.014163336
2600.0,2600.0,0.599242
2601.0,2601.0,0.004293459
2602.0,2602.0,0.030561138
2603.0,2603.0,0.003703634
2604.0,2604.0,0.04050605
2605.0,2605.0,0.01766538
2606.0,2606.0,0.25706646
2607.0,2607.0,0.1959918
2608.0,2608.0,0.07349917
2609.0,2609.0,0.09081221
2610.0,2610.0,0.10144737
2611.0,2611.0,0.12734708
2612.0,2612.0,0.047512487
2613.0,2613.0,0.345592
2614.0,2614.0,0.5642185
2615.0,2615.0,0.028824694
2616.0,2616.0,0.0013188418
2617.0,2617.0,0.0035068116
2618.0,2618.0,0.3370815
2619.0,2619.0,0.2314599
2620.0,2620.0,0.0012114794
2621.0,2621.0,0.53504163
2622.0,2622.0,0.018452516
2623.0,2623.0,2.2604257E-4
2624.0,2624.0,5.631134E-4
2625.0,2625.0,0.19993904
2626.0,2626.0,0.24162884
2627.0,2627.0,0.01497305
2628.0,2628.0,0.5384367
2629.0,2629.0,0.021730192
2630.0,2630.0,0.0033113533
2631.0,2631.0,0.48702562
2632.0,2632.0,0.17883089
2633.0,2633.0,0.0030213902
2634.0,2634.0,0.31272602
2635.0,2635.0,0.06000072
2636.0,2636.0,0.19474511
2637.0,2637.0,0.20895791
2638.0,2638.0,0.005580978
2639.0,2639.0,0.017642371
2640.0,2640.0,0.023916125
2641.0,2641.0,0.18188576
2642.0,2642.0,0.12663813
2643.0,2643.0,0.23015174
2644.0,2644.0,0.0056979842
2645.0,2645.0,0.009152578
2646.0,2646.0,0.0018455476
2647.0,2647.0,0.42397362
2648.0,2648.0,0.034612443
2649.0,2649.0,0.02096739
2650.0,2650.0,0.38433468
2651.0,2651.0,0.5543579
2652.0,2652.0,0.019220864
2653.0,2653.0,0.19748297
2654.0,2654.0,3.4261012E-4
2655.0,2655.0,0.008557051
2656.0,2656.0,0.7236073
2657.0,2657.0,0.12768154
2658.0,2658.0,0.31553388
2659.0,2659.0,0.0038078313
2660.0,2660.0,0.031084443
2661.0,2661.0,0.01821093
2662.0,2662.0,0.053643152
2663.0,2663.0,0.01781945
2664.0,2664.0,0.003378045
2665.0,2665.0,0.16215532
2666.0,2666.0,0.6102496
2667.0,2667.0,0.40889645
2668.0,2668.0,0.034226634
2669.0,2669.0,0.22036488
2670.0,2670.0,0.7838712
2671.0,2671.0,0.032988787
2672.0,2672.0,0.02893657
2673.0,2673.0,0.036691196
2674.0,2674.0,3.2327816E-4
2675.0,2675.0,0.01963615
2676.0,2676.0,0.00931064
2677.0,2677.0,2.3050496E-4
2678.0,2678.0,0.24959062
2679.0,2679.0,8.8012696E-4
2680.0,2680.0,5.469115E-5
2681.0,2681.0,0.13175055
2682.0,2682.0,1.6106783E-4
2683.0,2683.0,0.0054664225
2684.0,2684.0,0.01699684
2685.0,2685.0,0.19591457
2686.0,2686.0,0.013522884
2687.0,2687.0,0.0238032
2688.0,2688.0,0.39993078
2689.0,2689.0,0.17942195
2690.0,2690.0,0.009112933
2691.0,2691.0,0.064118244
2692.0,2692.0,0.21939762
2693.0,2693.0,0.02635523
2694.0,2694.0,0.69575495
2695.0,2695.0,0.46939218
2696.0,2696.0,8.1442005E-4
2697.0,2697.0,8.845655E-4
2698.0,2698.0,3.846069E-4
2699.0,2699.0,0.013018172
2700.0,2700.0,5.65041E-4
2701.0,2701.0,0.38746554
2702.0,2702.0,0.4728028
2703.0,2703.0,0.4170654
2704.0,2704.0,0.0012317458
2705.0,2705.0,3.6270547E-4
2706.0,2706.0,0.19372025
2707.0,2707.0,8.894257E-4
2708.0,2708.0,0.061810754
2709.0,2709.0,0.01479028
2710.0,2710.0,0.003677348
2711.0,2711.0,0.20607127
2712.0,2712.0,8.68212E-4
2713.0,2713.0,0.16585454
2714.0,2714.0,0.0793105
2715.0,2715.0,0.0038154493
2716.0,2716.0,6.760806E-4
2717.0,2717.0,0.011464462
2718.0,2718.0,0.011436957
2719.0,2719.0,0.16595106
2720.0,2720.0,0.0040142275
2721.0,2721.0,0.58152926
2722.0,2722.0,0.016151637
2723.0,2723.0,0.04878778
2724.0,2724.0,0.650282
2725.0,2725.0,3.2033704E-4
2726.0,2726.0,0.06649028
2727.0,2727.0,0.003379205
2728.0,2728.0,0.004849864
2729.0,2729.0,0.63854
2730.0,2730.0,0.025879346
2731.0,2731.0,0.6549188
2732.0,2732.0,0.103578076
2733.0,2733.0,0.008842918
2734.0,2734.0,0.7628931
2735.0,2735.0,0.0039295726
2736.0,2736.0,2.1320599E-4
2737.0,2737.0,0.5898375
2738.0,2738.0,3.9602103E-4
2739.0,2739.0,0.47287965
2740.0,2740.0,0.0013857145
2741.0,2741.0,0.022553839
2742.0,2742.0,0.02632771
2743.0,2743.0,0.23958656
2744.0,2744.0,7.5845583E-4
2745.0,2745.0,0.0035171339
2746.0,2746.0,0.001460748
2747.0,2747.0,0.6455098
2748.0,2748.0,3.773535E-4
2749.0,2749.0,0.023486122
2750.0,2750.0,0.00258997
2751.0,2751.0,0.007376129
2752.0,2752.0,0.12680343
2753.0,2753.0,0.013881356
2754.0,2754.0,0.0033380475
2755.0,2755.0,0.0018535595
2756.0,2756.0,0.33110625
2757.0,2757.0,0.012567015
2758.0,2758.0,0.6215196
2759.0,2759.0,0.0041624345
2760.0,2760.0,0.28976578
2761.0,2761.0,0.0134676695
2762.0,2762.0,0.7909763
2763.0,2763.0,0.38767877
2764.0,2764.0,0.010419073
2765.0,2765.0,0.003612057
2766.0,2766.0,0.005280542
2767.0,2767.0,0.5709491
2768.0,2768.0,0.012339374
2769.0,2769.0,0.0219085
2770.0,2770.0,9.499339E-5
2771.0,2771.0,0.0016476406
2772.0,2772.0,0.0013825234
2773.0,2773.0,0.014603454
2774.0,2774.0,3.3232424E-4
2775.0,2775.0,6.538753E-4
2776.0,2776.0,0.06025115
2777.0,2777.0,3.2369327E-4
2778.0,2778.0,0.38588205
2779.0,2779.0,0.5305983
2780.0,2780.0,0.090460494
2781.0,2781.0,6.469363E-4
2782.0,2782.0,0.044749323
2783.0,2783.0,0.033244673
2784.0,2784.0,0.1182706
2785.0,2785.0,0.013808389
2786.0,2786.0,0.036563475
2787.0,2787.0,0.0165105
2788.0,2788.0,0.2667059
2789.0,2789.0,0.6534576
2790.0,2790.0,0.020195076
2791.0,2791.0,0.36016977
2792.0,2792.0,0.007221918
2793.0,2793.0,0.17986727
2794.0,2794.0,0.040150627
2795.0,2795.0,0.48305783
2796.0,2796.0,0.004011665
2797.0,2797.0,0.004331772
2798.0,2798.0,3.9343804E-4
2799.0,2799.0,0.08183944
2800.0,2800.0,0.011300543
2801.0,2801.0,0.009559688
2802.0,2802.0,0.4005633
2803.0,2803.0,0.11368553
2804.0,2804.0,0.015419049
2805.0,2805.0,0.007978524
2806.0,2806.0,0.0038351547
2807.0,2807.0,0.15972629
2808.0,2808.0,0.025484141
2809.0,2809.0,0.1990095
2810.0,2810.0,0.59231013
2811.0,2811.0,7.0961675E-4
2812.0,2812.0,2.1916426E-4
2813.0,2813.0,8.454479E-4
2814.0,2814.0,0.030211875
2815.0,2815.0,9.6409017E-4
2816.0,2816.0,0.22401217
2817.0,2817.0,0.04765252
2818.0,2818.0,0.016016334
2819.0,2819.0,0.23059082
2820.0,2820.0,2.4157089E-4
2821.0,2821.0,0.0033878821
2822.0,2822.0,0.00100048
2823.0,2823.0,0.5170482
2824.0,2824.0,6.9883483E-4
2825.0,2825.0,0.0014761026
2826.0,2826.0,0.0011290472
2827.0,2827.0,0.008023126
2828.0,2828.0,0.003419502
2829.0,2829.0,0.014506348
2830.0,2830.0,0.4678155
2831.0,2831.0,0.019646598
2832.0,2832.0,0.088409655
2833.0,2833.0,2.9450224E-4
2834.0,2834.0,0.6381269
2835.0,2835.0,0.007370629
2836.0,2836.0,0.20959163
2837.0,2837.0,0.067349195
2838.0,2838.0,8.750113E-4
2839.0,2839.0,0.38854754
2840.0,2840.0,0.021047639
2841.0,2841.0,0.051649652
2842.0,2842.0,0.034108035
2843.0,2843.0,0.34828335
2844.0,2844.0,0.0067330822
2845.0,2845.0,0.039209496
2846.0,2846.0,0.17651537
2847.0,2847.0,0.07380141
2848.0,2848.0,0.00200708
2849.0,2849.0,0.5457099
2850.0,2850.0,0.013082366
2851.0,2851.0,0.6735298
2852.0,2852.0,0.001139291
2853.0,2853.0,4.4156777E-4
2854.0,2854.0,0.016800426
2855.0,2855.0,0.04715178
2856.0,2856.0,0.0016358702
2857.0,2857.0,5.7674677E-4
2858.0,2858.0,0.18909863
2859.0,2859.0,0.010365081
2860.0,2860.0,3.6147362E-4
2861.0,2861.0,7.528831E-4
2862.0,2862.0,0.046974152
2863.0,2863.0,0.019285524
2864.0,2864.0,0.012421364
2865.0,2865.0,0.35149148
2866.0,2866.0,0.32689512
2867.0,2867.0,0.4736761
2868.0,2868.0,1.480909E-4
2869.0,2869.0,0.14916003
2870.0,2870.0,0.53800464
2871.0,2871.0,0.018334119
2872.0,2872.0,0.09892463
2873.0,2873.0,0.022799753
2874.0,2874.0,0.2083403
2875.0,2875.0,0.017230747
2876.0,2876.0,0.006922947
2877.0,2877.0,0.015716719
2878.0,2878.0,0.041867476
2879.0,2879.0,0.014605814
2880.0,2880.0,0.04087349
2881.0,2881.0,0.028923515
2882.0,2882.0,0.1636558
2883.0,2883.0,1.336162E-4
2884.0,2884.0,0.023843983
2885.0,2885.0,0.019701257
2886.0,2886.0,0.118403114
2887.0,2887.0,0.5490516
2888.0,2888.0,0.13836688
2889.0,2889.0,0.0052324436
2890.0,2890.0,0.017086025
2891.0,2891.0,0.56414026
2892.0,2892.0,0.031006336
2893.0,2893.0,3.5739885E-4
2894.0,2894.0,0.0018208051
2895.0,2895.0,0.0029673406
2896.0,2896.0,0.026370807
2897.0,2897.0,0.056777116
2898.0,2898.0,0.07401347
2899.0,2899.0,0.050004374
2900.0,2900.0,0.6709277
2901.0,2901.0,0.07497571
2902.0,2902.0,0.09308526
2903.0,2903.0,1.7794188E-4
2904.0,2904.0,0.0021839358
2905.0,2905.0,0.13162917
2906.0,2906.0,0.02090419
2907.0,2907.0,0.59109235
2908.0,2908.0,0.64257944
2909.0,2909.0,6.3901907E-4
2910.0,2910.0,0.006522946
2911.0,2911.0,0.44988412
2912.0,2912.0,0.0062249363
2913.0,2913.0,0.18402238
2914.0,2914.0,6.628098E-4
2915.0,2915.0,0.18269415
2916.0,2916.0,0.013126091
2917.0,2917.0,0.0014678562
2918.0,2918.0,0.414887
2919.0,2919.0,0.5641389
2920.0,2920.0,0.019639779
2921.0,2921.0,0.021158459
2922.0,2922.0,0.2830909
2923.0,2923.0,0.027198622
2924.0,2924.0,0.69533324
2925.0,2925.0,2.198012E-4
2926.0,2926.0,0.017903617
2927.0,2927.0,0.60673565
2928.0,2928.0,0.0053355824
2929.0,2929.0,0.06058192
2930.0,2930.0,0.0014625879
2931.0,2931.0,0.050011564
2932.0,2932.0,0.35212842
2933.0,2933.0,5.3595373E-4
2934.0,2934.0,0.001403512
2935.0,2935.0,0.09402679
2936.0,2936.0,0.01255627
2937.0,2937.0,0.007132013
2938.0,2938.0,0.009604602
2939.0,2939.0,0.40637043
2940.0,2940.0,0.0065846546
2941.0,2941.0,0.051371664
2942.0,2942.0,0.6828058
2943.0,2943.0,0.02314706
2944.0,2944.0,0.08613633
2945.0,2945.0,0.2694275
2946.0,2946.0,0.12069082
2947.0,2947.0,0.008221189
2948.0,2948.0,0.036229044
2949.0,2949.0,0.07135225
2950.0,2950.0,0.5033322
2951.0,2951.0,0.025147276
2952.0,2952.0,0.302284
2953.0,2953.0,6.413475E-4
2954.0,2954.0,0.52901006
2955.0,2955.0,0.57033545
2956.0,2956.0,0.017143313
2957.0,2957.0,0.0058053075
2958.0,2958.0,1.975129E-4
2959.0,2959.0,2.0876824E-4
2960.0,2960.0,0.014107459
2961.0,2961.0,0.01592602
2962.0,2962.0,0.008312206
2963.0,2963.0,0.7086132
2964.0,2964.0,0.032969948
2965.0,2965.0,0.015695678
2966.0,2966.0,0.04810145
2967.0,2967.0,0.00182252
2968.0,2968.0,0.0141836265
2969.0,2969.0,2.6412468E-4
2970.0,2970.0,0.058949213
2971.0,2971.0,1.448606E-4
2972.0,2972.0,0.003916824
2973.0,2973.0,0.70411706
2974.0,2974.0,0.0064235027
2975.0,2975.0,0.017642288
2976.0,2976.0,0.01836276
2977.0,2977.0,0.019806292
2978.0,2978.0,0.0150630055
2979.0,2979.0,0.11684669
2980.0,2980.0,0.009395688
2981.0,2981.0,0.025702387
2982.0,2982.0,0.5563442
2983.0,2983.0,0.102238744
2984.0,2984.0,0.28880298
2985.0,2985.0,7.365821E-4
2986.0,2986.0,2.1337156E-4
2987.0,2987.0,0.006215926
2988.0,2988.0,0.04535429
2989.0,2989.0,0.0036013315
2990.0,2990.0,0.0010227527
2991.0,2991.0,0.005860769
2992.0,2992.0,0.3104632
2993.0,2993.0,0.2802248
2994.0,2994.0,4.8243027E-4
2995.0,2995.0,0.19022581
2996.0,2996.0,5.315285E-4
2997.0,2997.0,4.9858575E-4
2998.0,2998.0,0.057066165
2999.0,2999.0,0.3563149
3000.0,3000.0,0.001064445
3001.0,3001.0,4.0843902E-4
3002.0,3002.0,0.038892105
3003.0,3003.0,0.7809294
3004.0,3004.0,5.3207524E-4
3005.0,3005.0,0.12066153
3006.0,3006.0,0.006844965
3007.0,3007.0,0.029699873
3008.0,3008.0,0.033828054
3009.0,3009.0,0.006711054
3010.0,3010.0,0.0067693526
3011.0,3011.0,0.052971724
3012.0,3012.0,0.0040659225
3013.0,3013.0,0.37810093
3014.0,3014.0,0.033472672
3015.0,3015.0,0.0052463505
3016.0,3016.0,0.0014710331
3017.0,3017.0,0.020796755
3018.0,3018.0,0.019094031
3019.0,3019.0,0.047376208
3020.0,3020.0,0.1242934
3021.0,3021.0,0.0038161704
3022.0,3022.0,0.1942988
3023.0,3023.0,0.0045558917
3024.0,3024.0,0.0043810154
3025.0,3025.0,0.0015458476
3026.0,3026.0,0.22482973
3027.0,3027.0,3.9020425E-4
3028.0,3028.0,0.0031663496
3029.0,3029.0,0.01840576
3030.0,3030.0,0.34906307
3031.0,3031.0,0.09928714
3032.0,3032.0,0.0028388773
3033.0,3033.0,0.05755649
3034.0,3034.0,0.0134921605
3035.0,3035.0,0.004154456
3036.0,3036.0,0.23218274
3037.0,3037.0,0.0014017612
3038.0,3038.0,0.6300259
3039.0,3039.0,0.667862
3040.0,3040.0,0.062070753
3041.0,3041.0,0.0053033154
3042.0,3042.0,0.019588334
3043.0,3043.0,0.14395559
3044.0,3044.0,0.7166368
3045.0,3045.0,0.16911735
3046.0,3046.0,0.5537239
3047.0,3047.0,0.0380711
3048.0,3048.0,0.11487318
3049.0,3049.0,0.004673397
3050.0,3050.0,0.019000515
3051.0,3051.0,0.30964866
3052.0,3052.0,0.0012903995
3053.0,3053.0,0.0034453042
3054.0,3054.0,0.8178814
3055.0,3055.0,0.06822528
3056.0,3056.0,0.6017484
3057.0,3057.0,3.6674962E-4
3058.0,3058.0,3.0390202E-4
3059.0,3059.0,0.14414716
3060.0,3060.0,0.019072043
3061.0,3061.0,0.015167037
3062.0,3062.0,0.007146519
3063.0,3063.0,0.08745654
3064.0,3064.0,0.0016852936
3065.0,3065.0,0.008764802
3066.0,3066.0,0.016492167
3067.0,3067.0,0.014750014
3068.0,3068.0,0.018451242
3069.0,3069.0,0.018273333
3070.0,3070.0,0.012021844
3071.0,3071.0,4.444637E-4
3072.0,3072.0,0.03756764
3073.0,3073.0,0.003138362
3074.0,3074.0,0.07391659
3075.0,3075.0,0.12055425
3076.0,3076.0,0.015932936
3077.0,3077.0,0.08784322
3078.0,3078.0,0.42507994
3079.0,3079.0,0.51696056
3080.0,3080.0,0.03027366
3081.0,3081.0,0.6053623
3082.0,3082.0,0.6824074
3083.0,3083.0,0.71227515
3084.0,3084.0,0.33459002
3085.0,3085.0,0.1850773
3086.0,3086.0,0.0027786351
3087.0,3087.0,0.09612755
3088.0,3088.0,0.12556826
3089.0,3089.0,0.0019326853
3090.0,3090.0,0.0055084657
3091.0,3091.0,0.016009878
3092.0,3092.0,0.007713021
3093.0,3093.0,0.242163
3094.0,3094.0,0.019479513
3095.0,3095.0,0.101106994
3096.0,3096.0,0.61735034
3097.0,3097.0,0.004896908
3098.0,3098.0,0.3967312
3099.0,3099.0,0.012167385
3100.0,3100.0,0.3262798
3101.0,3101.0,0.0013665571
3102.0,3102.0,0.5069701
3103.0,3103.0,0.13895223
3104.0,3104.0,0.06796007
3105.0,3105.0,0.3427846
3106.0,3106.0,1.4834262E-4
3107.0,3107.0,0.15401518
3108.0,3108.0,0.5255019
3109.0,3109.0,0.08460943
3110.0,3110.0,0.08473874
3111.0,3111.0,0.4041711
3112.0,3112.0,0.61669415
3113.0,3113.0,0.013354752
3114.0,3114.0,0.0014557089
3115.0,3115.0,0.03152756
3116.0,3116.0,9.786242E-4
3117.0,3117.0,0.0043206452
3118.0,3118.0,0.015921764
3119.0,3119.0,0.0015631503
3120.0,3120.0,0.0015098639
3121.0,3121.0,0.042040642
3122.0,3122.0,1.3654484E-4
3123.0,3123.0,0.0024929203
3124.0,3124.0,0.006616063
3125.0,3125.0,0.25523037
3126.0,3126.0,0.25070962
3127.0,3127.0,0.019636173
3128.0,3128.0,0.094719455
3129.0,3129.0,0.017970216
3130.0,3130.0,0.49013716
3131.0,3131.0,0.3890491
3132.0,3132.0,0.0012558091
3133.0,3133.0,0.015817193
3134.0,3134.0,0.6295215
3135.0,3135.0,0.059575822
3136.0,3136.0,0.013612276
3137.0,3137.0,0.12645571
3138.0,3138.0,0.0022112918
3139.0,3139.0,0.0012009147
3140.0,3140.0,0.022542868
3141.0,3141.0,0.00912112
3142.0,3142.0,5.4302724E-4
3143.0,3143.0,0.07458618
3144.0,3144.0,0.30699068
3145.0,3145.0,0.0018642821
3146.0,3146.0,0.09059553
3147.0,3147.0,0.20432872
3148.0,3148.0,0.0030865436
3149.0,3149.0,0.066705525
3150.0,3150.0,0.008009336
3151.0,3151.0,5.4891885E-4
3152.0,3152.0,0.012987557
3153.0,3153.0,0.0034168276
3154.0,3154.0,0.6677239
3155.0,3155.0,0.019161819
3156.0,3156.0,0.4706
3157.0,3157.0,0.37025216
3158.0,3158.0,0.040390998
3159.0,3159.0,0.0039331107
3160.0,3160.0,0.054550212
3161.0,3161.0,9.027374E-4
3162.0,3162.0,0.051821537
3163.0,3163.0,4.2717287E-4
3164.0,3164.0,0.13945554
3165.0,3165.0,0.014625448
3166.0,3166.0,0.09640225
3167.0,3167.0,0.18484525
3168.0,3168.0,0.17159499
3169.0,3169.0,0.01360995
3170.0,3170.0,0.009072063
3171.0,3171.0,0.028721621
3172.0,3172.0,0.20699629
3173.0,3173.0,0.006948373
3174.0,3174.0,0.011890281
3175.0,3175.0,0.45412827
3176.0,3176.0,0.0029553124
3177.0,3177.0,0.6369777
3178.0,3178.0,0.19327348
3179.0,3179.0,0.0017315447
3180.0,3180.0,0.4935178
3181.0,3181.0,0.0028725127
3182.0,3182.0,0.03934701
3183.0,3183.0,7.700694E-4
3184.0,3184.0,0.0012843966
3185.0,3185.0,0.39567164
3186.0,3186.0,0.001282889
3187.0,3187.0,0.4887295
3188.0,3188.0,0.030841218
3189.0,3189.0,0.0012642592
3190.0,3190.0,0.10938363
3191.0,3191.0,0.0017703043
3192.0,3192.0,0.038908776
3193.0,3193.0,0.001908299
3194.0,3194.0,5.616852E-4
3195.0,3195.0,3.536135E-4
3196.0,3196.0,0.021028958
3197.0,3197.0,0.016802872
3198.0,3198.0,0.14886998
3199.0,3199.0,0.029952934
3200.0,3200.0,0.12279587
3201.0,3201.0,0.12009429
3202.0,3202.0,8.3827E-4
3203.0,3203.0,0.011592266
3204.0,3204.0,5.9438054E-4
3205.0,3205.0,0.008728839
3206.0,3206.0,0.019323247
3207.0,3207.0,0.018892584
3208.0,3208.0,5.995882E-4
3209.0,3209.0,0.042904284
3210.0,3210.0,0.054619074
3211.0,3211.0,8.0217037E-4
3212.0,3212.0,0.036624677
3213.0,3213.0,0.42578384
3214.0,3214.0,2.0314708E-4
3215.0,3215.0,0.0030454316
3216.0,3216.0,0.0051943907
3217.0,3217.0,0.22092667
3218.0,3218.0,0.018560003
3219.0,3219.0,0.017851437
3220.0,3220.0,0.0010976021
3221.0,3221.0,0.03763618
3222.0,3222.0,0.003450288
3223.0,3223.0,0.20154674
3224.0,3224.0,0.5157439
3225.0,3225.0,0.7491804
3226.0,3226.0,3.974966E-4
3227.0,3227.0,0.04492011
3228.0,3228.0,0.0033340112
3229.0,3229.0,0.033116642
3230.0,3230.0,0.2839878
3231.0,3231.0,0.6289356
3232.0,3232.0,0.0016891588
3233.0,3233.0,0.17806254
3234.0,3234.0,0.0021354964
3235.0,3235.0,0.0030642694
3236.0,3236.0,0.0018952738
3237.0,3237.0,0.0059111733
3238.0,3238.0,1.6934404E-4
3239.0,3239.0,2.2989478E-4
3240.0,3240.0,0.021699687
3241.0,3241.0,0.006220587
3242.0,3242.0,0.025019396
3243.0,3243.0,0.36083114
3244.0,3244.0,0.72767437
3245.0,3245.0,0.6040417
3246.0,3246.0,0.011927673
3247.0,3247.0,0.40583032
3248.0,3248.0,0.0015019656
3249.0,3249.0,0.015029789
3250.0,3250.0,0.52772224
3251.0,3251.0,0.06388292
3252.0,3252.0,0.048468407
3253.0,3253.0,0.117377535
3254.0,3254.0,0.058686815
3255.0,3255.0,0.008214953
3256.0,3256.0,0.015570843
3257.0,3257.0,0.010008404
3258.0,3258.0,0.47134116
3259.0,3259.0,0.020285618
3260.0,3260.0,0.015974425
3261.0,3261.0,0.025842527
3262.0,3262.0,3.42669E-4
3263.0,3263.0,4.7474273E-4
3264.0,3264.0,0.008916272
3265.0,3265.0,0.003973883
3266.0,3266.0,0.035250414
3267.0,3267.0,2.1098282E-4
3268.0,3268.0,0.05644617
3269.0,3269.0,0.06920429
3270.0,3270.0,0.057884786
3271.0,3271.0,0.24374448
3272.0,3272.0,0.04166606
3273.0,3273.0,0.011148235
3274.0,3274.0,0.1913672
3275.0,3275.0,0.05331152
3276.0,3276.0,0.08286841
3277.0,3277.0,0.013700639
3278.0,3278.0,0.17104177
3279.0,3279.0,6.915879E-5
3280.0,3280.0,0.00350283
3281.0,3281.0,0.022694226
3282.0,3282.0,0.01217963
3283.0,3283.0,0.6250368
3284.0,3284.0,0.043703835
3285.0,3285.0,0.0019772463
3286.0,3286.0,0.022823174
3287.0,3287.0,1.0951993E-4
3288.0,3288.0,0.19817588
3289.0,3289.0,0.047269385
3290.0,3290.0,0.0024551605
3291.0,3291.0,0.43796352
3292.0,3292.0,0.018303843
3293.0,3293.0,0.01047369
3294.0,3294.0,0.0019205069
3295.0,3295.0,0.77361333
3296.0,3296.0,0.00714864
3297.0,3297.0,0.12039732
3298.0,3298.0,0.09715157
3299.0,3299.0,0.0022417551
3300.0,3300.0,0.004701908
3301.0,3301.0,0.5206399
3302.0,3302.0,0.005241424
3303.0,3303.0,0.009074424
3304.0,3304.0,0.082897924
3305.0,3305.0,0.01467478
3306.0,3306.0,0.57419616
3307.0,3307.0,0.04335151
3308.0,3308.0,0.66677415
3309.0,3309.0,2.8151862E-4
3310.0,3310.0,2.0162444E-4
3311.0,3311.0,0.71392787
3312.0,3312.0,0.06497735
3313.0,3313.0,0.01621663
3314.0,3314.0,0.06023005
3315.0,3315.0,0.059521947
3316.0,3316.0,0.00470195
3317.0,3317.0,0.013461998
3318.0,3318.0,0.20394006
3319.0,3319.0,0.3455909
3320.0,3320.0,7.079593E-4
3321.0,3321.0,0.5501082
3322.0,3322.0,0.042713042
3323.0,3323.0,0.0010318202
3324.0,3324.0,0.0011582004
3325.0,3325.0,0.37096462
3326.0,3326.0,2.0792017E-4
3327.0,3327.0,0.013620056
3328.0,3328.0,0.0019058922
