Raw value,Corresponding cumulative value,Corresponding Cloglog value,Fractional area,Training omission,Test omission
1.28535E-6,0.000128535,0.000934713,1,0,0
2.06876E-6,0.000335412,0.001503982,0.999132697,0,0
2.58928E-6,0.00059434,0.001882038,0.998265395,0,0
4.41028E-6,0.001035367,0.003203524,0.997398092,0,0
8.97474E-6,0.003262108,0.006508238,0.994796184,0,0
1.0628E-5,0.005346091,0.007702535,0.993061578,0,0
1.13529E-5,0.010839695,0.008225728,0.988725065,0,0
1.37276E-5,0.025547699,0.009937705,0.978317433,0,0
1.54609E-5,0.050383096,0.011185452,0.963573287,0,0
2.21493E-5,0.101733593,0.0159854,0.939288812,0,0
3.3118E-5,0.201803299,0.023806785,0.908933218,0,0
4.15346E-5,0.301024006,0.029766214,0.885516045,0,0
4.82279E-5,0.403350507,0.034479407,0.865568083,0.002409639,0
5.71141E-5,0.504980689,0.040701491,0.849089332,0.002409639,0
6.48227E-5,0.602565133,0.046066513,0.835212489,0.002409639,0
7.15787E-5,0.705012159,0.050743856,0.822202949,0.002409639,0
7.39888E-5,0.755764976,0.052406877,0.81613183,0.002409639,0
7.60317E-5,0.800775442,0.053814229,0.810928014,0.002409639,0
8.26758E-5,0.905569221,0.058376902,0.799653079,0.002409639,0
8.59319E-5,1.006884263,0.06060492,0.789245447,0.002409639,0
9.0246E-5,1.103757043,0.063548764,0.779705117,0.002409639,0
9.42858E-5,1.204829794,0.066297101,0.770164788,0.002409639,0
9.79024E-5,1.300783105,0.068750663,0.761491761,0.002409639,0
1.0456E-4,1.402308749,0.073250088,0.752818734,0.002409639,0
1.11042E-4,1.509609326,0.077610661,0.744145707,0.002409639,0
1.24848E-4,1.759728066,0.086829269,0.72593235,0.002409639,0
1.36274E-4,2.005256555,0.094388589,0.709453599,0.002409639,0
1.51815E-4,2.264015311,0.104570335,0.693842151,0.004819277,0
1.67668E-4,2.505776668,0.114838662,0.680832611,0.004819277,0
1.83446E-4,2.754375414,0.124941756,0.668690373,0.004819277,0
2.01184E-4,3.008280974,0.136162045,0.657415438,0.012048193,0
2.14192E-4,3.256093249,0.144298669,0.647007806,0.012048193,0
2.29763E-4,3.522119575,0.153938072,0.636600173,0.014457831,0
2.52021E-4,3.763731572,0.167528191,0.627927147,0.01686747,0
2.64688E-4,4.021829399,0.175164952,0.61925412,0.021686747,0
2.85471E-4,4.27425404,0.18754299,0.611448395,0.021686747,0
3.14463E-4,4.514892207,0.204500745,0.604509974,0.028915663,0
3.38468E-4,4.776341748,0.218273502,0.597571552,0.028915663,0
3.53016E-4,5.01987841,0.226503735,0.591500434,0.031325301,0
3.67804E-4,5.273306924,0.234780783,0.585429315,0.03373494,0
3.80089E-4,5.534765045,0.241589768,0.579358196,0.038554217,0
4.07699E-4,5.771695201,0.256672459,0.57415438,0.038554217,0
4.3099E-4,6.023631898,0.269162306,0.568950564,0.040963855,0
4.56564E-4,6.289751235,0.282634763,0.563746748,0.045783133,0
4.74071E-4,6.524384639,0.291713541,0.559410234,0.05060241,0
4.9E-4,6.765453791,0.299874561,0.555073721,0.053012048,0
5.08725E-4,7.016370556,0.309348089,0.550737207,0.053012048,0
5.27086E-4,7.274863339,0.31851258,0.546400694,0.057831325,0
5.68517E-4,7.550786457,0.338748153,0.54206418,0.060240964,0
5.82978E-4,7.781963676,0.345668634,0.53859497,0.060240964,0
5.9538E-4,8.018926078,0.351546417,0.535125759,0.065060241,0
6.23592E-4,8.264743312,0.364720143,0.531656548,0.06746988,0
6.40355E-4,8.518727085,0.37242126,0.528187337,0.06746988,0
6.46798E-4,8.77695748,0.375356116,0.524718127,0.06746988,0
6.57063E-4,9.038224517,0.380003546,0.521248916,0.069879518,0
6.66161E-4,9.302122018,0.384094027,0.517779705,0.069879518,0
6.75783E-4,9.503704105,0.388390312,0.515177797,0.069879518,0
6.9255E-4,9.77767214,0.395805753,0.511708586,0.072289157,0
7.05823E-4,10.057923116,0.401612228,0.508239376,0.072289157,0
7.07345E-4,10.269982824,0.402274668,0.505637467,0.074698795,0
7.30163E-4,10.560724477,0.412115741,0.502168257,0.074698795,0
7.37922E-4,10.781411711,0.41542489,0.499566349,0.081927711,0
7.43501E-4,11.003991284,0.417792665,0.496964441,0.081927711,0
7.56612E-4,11.304308923,0.423319863,0.49349523,0.084337349,0
7.66007E-4,11.533087454,0.427248351,0.490893322,0.084337349,0
7.789E-4,11.765401143,0.432595543,0.488291414,0.084337349,0
7.99613E-4,12.002940884,0.441082067,0.485689506,0.084337349,0
8.06924E-4,12.325222744,0.444047059,0.482220295,0.084337349,0
8.0823E-4,12.567557009,0.444575293,0.479618387,0.086746988,0
8.18638E-4,12.812403033,0.448765273,0.477016479,0.089156627,0
8.283E-4,13.059250434,0.452626324,0.474414571,0.091566265,0
8.36202E-4,13.309492919,0.455764427,0.471812663,0.093975904,0
8.39747E-4,13.561375622,0.457166345,0.469210755,0.096385542,0
8.44205E-4,13.814000296,0.458924045,0.466608846,0.098795181,0
8.46389E-4,14.067681932,0.459783057,0.464006938,0.106024096,0
8.48289E-4,14.321979632,0.460529216,0.46140503,0.106024096,0
8.56196E-4,14.578286182,0.463623657,0.458803122,0.108433735,0
8.66092E-4,14.751312728,0.467471842,0.457068517,0.110843373,0
8.75641E-4,15.013190344,0.471158613,0.454466609,0.110843373,0
8.8139E-4,15.277288579,0.473365741,0.451864701,0.110843373,0
8.85837E-4,15.542304505,0.475067048,0.449262793,0.113253012,0
8.89969E-4,15.808796644,0.476642613,0.446660885,0.115662651,0
8.91732E-4,16.076177208,0.477313603,0.444058977,0.118072289,0
8.93468E-4,16.254754325,0.477973348,0.442324371,0.118072289,0
9.04933E-4,16.52579364,0.482309534,0.439722463,0.118072289,0
9.12573E-4,16.79845036,0.485178852,0.437120555,0.118072289,0
9.16796E-4,17.07313808,0.486758175,0.434518647,0.120481928,0
9.24313E-4,17.257943834,0.489557571,0.432784042,0.120481928,0
9.31093E-4,17.536607434,0.492069133,0.430182134,0.120481928,0
9.43146E-4,17.818225675,0.49650402,0.427580225,0.125301205,0
9.46287E-4,18.007362196,0.497653221,0.42584562,0.127710843,0
9.54351E-4,18.292679434,0.500591656,0.423243712,0.127710843,0
9.55995E-4,18.579337647,0.501188708,0.420641804,0.127710843,0
9.66598E-4,18.771929526,0.505021653,0.418907199,0.127710843,0
9.75368E-4,19.063532988,0.508170146,0.416305291,0.13253012,0
9.77063E-4,19.25879029,0.508776099,0.414570685,0.13253012,0
9.83724E-4,19.553447051,0.511150887,0.411968777,0.134939759,0
9.84437E-4,19.75028687,0.511404309,0.410234172,0.134939759,0
9.92777E-4,20.047308053,0.5143602,0.407632264,0.137349398,0
9.95875E-4,20.345894938,0.515453368,0.405030356,0.139759036,0
9.96989E-4,20.54520376,0.515846173,0.40329575,0.142168675,0
1.00012E-3,20.844759933,0.5169489,0.400693842,0.144578313,0
1.00345E-3,21.045228084,0.518117859,0.398959237,0.144578313,0
1.00587E-3,21.346577833,0.518963628,0.396357329,0.14939759,0
1.00887E-3,21.548183856,0.520014706,0.394622723,0.151807229,0
1.01966E-3,21.751740851,0.523765752,0.392888118,0.151807229,0
1.02809E-3,22.059250179,0.526677996,0.39028621,0.156626506,0
1.0441E-3,22.267220448,0.532158943,0.388551605,0.159036145,0
1.05528E-3,22.582355918,0.535948265,0.385949696,0.159036145,0
1.05694E-3,22.793721432,0.536510626,0.384215091,0.159036145,0
1.05846E-3,23.005374928,0.537021601,0.382480486,0.159036145,0
1.06068E-3,23.323315978,0.537769813,0.379878578,0.161445783,0
1.0653E-3,23.535947079,0.539319902,0.378143972,0.161445783,0
1.07242E-3,23.856955995,0.541701689,0.375542064,0.16626506,0
1.08157E-3,24.073243479,0.54474128,0.373807459,0.16626506,0
1.08624E-3,24.290197615,0.546283866,0.372072853,0.168674699,0
1.09228E-3,24.508323207,0.548275286,0.370338248,0.171084337,0
1.09414E-3,24.836336898,0.548886443,0.36773634,0.171084337,0
1.09652E-3,25.055469834,0.54966713,0.366001735,0.173493976,0
1.09828E-3,25.275054348,0.550243324,0.364267129,0.175903614,0
1.11052E-3,25.606904428,0.554230199,0.361665221,0.18313253,0
1.11354E-3,25.829526116,0.555208817,0.359930616,0.187951807,0
1.119E-3,26.052879389,0.556970459,0.35819601,0.190361446,0
1.12085E-3,26.277041585,0.557568441,0.356461405,0.195180723,0
1.12969E-3,26.502556357,0.560403909,0.3547268,0.2,0
1.14388E-3,26.845002573,0.564918861,0.352124892,0.2,0
1.14806E-3,27.074462923,0.566239642,0.350390286,0.204819277,0
1.15084E-3,27.304566858,0.567115933,0.348655681,0.207228916,0
1.15474E-3,27.535209861,0.568341954,0.346921075,0.212048193,0
1.16276E-3,27.767175217,0.570854643,0.34518647,0.212048193,0
1.16592E-3,28.116504404,0.57183997,0.342584562,0.21686747,0
1.16823E-3,28.350121289,0.572558243,0.340849957,0.21686747,0
1.17093E-3,28.584132142,0.573396054,0.339115351,0.219277108,0
1.17138E-3,28.81837751,0.573538141,0.337380746,0.224096386,0
1.17881E-3,29.053962161,0.57583595,0.335646141,0.226506024,0
1.1799E-3,29.289883214,0.576173524,0.333911535,0.228915663,0
1.18189E-3,29.52614624,0.576785002,0.33217693,0.23373494,0
1.18343E-3,29.762693015,0.577258112,0.330442324,0.238554217,0
1.18896E-3,30.118439826,0.57895568,0.327840416,0.245783133,0
1.1924E-3,30.356707645,0.580009187,0.326105811,0.248192771,0
1.19974E-3,30.596140981,0.582246608,0.324371206,0.253012048,0
1.20412E-3,30.836634139,0.58357442,0.3226366,0.255421687,0
1.20658E-3,31.077891351,0.584318247,0.320901995,0.260240964,0
1.20807E-3,31.319379484,0.584770736,0.319167389,0.262650602,0
1.21125E-3,31.561576873,0.585729969,0.317432784,0.262650602,0
1.21659E-3,31.804659189,0.587336654,0.315698179,0.265060241,0
1.22068E-3,32.04879194,0.588563131,0.313963573,0.26746988,0
1.22549E-3,32.293669856,0.589998316,0.312228968,0.269879518,0
1.22932E-3,32.539196564,0.591140945,0.310494363,0.274698795,0
1.2312E-3,32.785333371,0.591699291,0.308759757,0.277108434,0
1.23311E-3,33.03181268,0.592267191,0.307025152,0.281927711,0
1.24531E-3,33.28030265,0.595868488,0.305290546,0.284337349,0
1.25384E-3,33.530808127,0.598369795,0.303555941,0.286746988,0
1.25885E-3,33.782122524,0.599830188,0.301821336,0.291566265,0
1.26448E-3,34.03495657,0.601466287,0.30008673,0.293975904,0
1.26987E-3,34.288579403,0.603026856,0.298352125,0.296385542,0
1.27393E-3,34.543222385,0.604197013,0.29661752,0.301204819,0
1.27938E-3,34.798572665,0.605764156,0.294882914,0.306024096,0
1.28105E-3,35.05476589,0.606241298,0.293148309,0.310843373,0
1.28489E-3,35.311458465,0.607340267,0.291413703,0.310843373,0
1.28696E-3,35.568833338,0.607932399,0.289679098,0.315662651,0
1.29165E-3,35.826958371,0.60926768,0.287944493,0.320481928,0
1.3015E-3,36.086526678,0.612057996,0.286209887,0.320481928,0
1.30863E-3,36.347595361,0.614063924,0.284475282,0.322891566,0
1.31739E-3,36.610519992,0.616516644,0.282740676,0.327710843,0
1.32292E-3,36.874761404,0.618057239,0.281006071,0.33253012,0
1.32321E-3,37.007082782,0.618137577,0.280138768,0.334939759,0
1.33296E-3,37.27355692,0.620836196,0.278404163,0.337349398,0
1.33531E-3,37.540547062,0.621484321,0.276669558,0.339759036,0
1.34144E-3,37.808551529,0.623167494,0.274934952,0.342168675,0
1.34195E-3,38.076903866,0.623306286,0.273200347,0.342168675,0
1.34371E-3,38.34548936,0.623790329,0.271465742,0.344578313,0
1.34445E-3,38.614351956,0.623992171,0.269731136,0.346987952,0
1.34959E-3,38.883837891,0.625394441,0.267996531,0.34939759,0
1.35064E-3,39.018901789,0.625681372,0.267129228,0.351807229,0
1.35314E-3,39.289402557,0.626362863,0.265394623,0.351807229,0
1.35502E-3,39.560222763,0.626871569,0.263660017,0.354216867,0
1.3584E-3,39.831758582,0.627789159,0.261925412,0.356626506,0
1.36074E-3,40.103810617,0.62842334,0.260190807,0.361445783,0
1.36111E-3,40.376012231,0.628521881,0.258456201,0.363855422,0
1.36568E-3,40.512580122,0.629754914,0.257588899,0.363855422,0
1.37276E-3,40.787071456,0.631656101,0.255854293,0.363855422,0
1.3752E-3,41.061983401,0.632311102,0.254119688,0.36626506,0
1.38394E-3,41.338578261,0.634640433,0.252385082,0.371084337,0
1.38785E-3,41.616111775,0.635680533,0.250650477,0.373493976,0
1.39724E-3,41.75583555,0.638159042,0.249783174,0.373493976,0
1.40459E-3,42.036562067,0.640090593,0.248048569,0.375903614,0
1.41745E-3,42.318835232,0.643440491,0.246313964,0.378313253,0
1.42025E-3,42.602840287,0.644166583,0.244579358,0.380722892,0
1.42886E-3,42.887942157,0.646387764,0.242844753,0.385542169,0
1.43493E-3,43.031435573,0.647947958,0.24197745,0.387951807,0
1.45249E-3,43.321204577,0.652414901,0.240242845,0.392771084,0
1.46406E-3,43.613323455,0.655329214,0.238508239,0.395180723,0
1.47098E-3,43.760421035,0.657059429,0.237640937,0.397590361,0
1.4909E-3,44.056819461,0.661994746,0.235906331,0.4,0
1.49605E-3,44.35555479,0.663258627,0.234171726,0.404819277,0
1.50396E-3,44.50595114,0.665192012,0.233304423,0.407228916,0
1.51707E-3,44.809067835,0.668369984,0.231569818,0.412048193,0
1.52518E-3,45.113342342,0.670321279,0.229835212,0.414457831,0
1.526E-3,45.265941997,0.670516194,0.22896791,0.41686747,0
1.52831E-3,45.571470003,0.671069911,0.227233304,0.419277108,0
1.53266E-3,45.877929968,0.67210997,0.225498699,0.424096386,0
1.53317E-3,46.031246628,0.672230474,0.224631396,0.426506024,0
1.54026E-3,46.3391809,0.673917481,0.222896791,0.428915663,0
1.54998E-3,46.648741604,0.676216542,0.221162186,0.431325301,0
1.55155E-3,46.803896742,0.676585438,0.220294883,0.431325301,0
1.56471E-3,47.115663315,0.6796679,0.218560278,0.436144578,0
1.56994E-3,47.272656834,0.680882313,0.217692975,0.436144578,0
1.59976E-3,47.592240488,0.687732369,0.215958369,0.440963855,0
1.6012E-3,47.752360235,0.688058613,0.215091067,0.440963855,0
1.62058E-3,48.074849577,0.692426048,0.213356461,0.445783133,0
1.63208E-3,48.400968522,0.694989202,0.211621856,0.45060241,0
1.63265E-3,48.564233412,0.695115492,0.210754553,0.453012048,0
1.64783E-3,48.892877722,0.698464654,0.209019948,0.455421687,0
1.64964E-3,49.057841351,0.698860387,0.208152645,0.455421687,0
1.66332E-3,49.38933491,0.701844254,0.20641804,0.460240964,0
1.67003E-3,49.556338118,0.70329595,0.205550737,0.462650602,0
1.67092E-3,49.890493179,0.703487784,0.203816132,0.46746988,0
1.67347E-3,50.057840638,0.704038139,0.202948829,0.469879518,0
1.68621E-3,50.394025049,0.706767532,0.201214224,0.474698795,0
1.68802E-3,50.562826567,0.707152589,0.200346921,0.477108434,0
1.6886E-3,50.900520918,0.707276889,0.198612316,0.481927711,0
1.6906E-3,51.069581045,0.707703059,0.197745013,0.484337349,0
1.69702E-3,51.40898356,0.709064737,0.196010408,0.489156627,0
1.70123E-3,51.579106765,0.709955066,0.195143105,0.491566265,0
1.70711E-3,51.920043864,0.711192482,0.1934085,0.496385542,0
1.71188E-3,52.091231659,0.712192888,0.192541197,0.496385542,0
1.71965E-3,52.263197048,0.71381651,0.191673894,0.496385542,0
1.72337E-3,52.607672548,0.714590128,0.189939289,0.501204819,0
1.72629E-3,52.780301414,0.715194613,0.189071986,0.501204819,0
1.72804E-3,53.125871154,0.715557248,0.187337381,0.503614458,0
1.73116E-3,53.298987642,0.716203216,0.186470078,0.506024096,0
1.7437E-3,53.646726026,0.718779195,0.184735473,0.508433735,0
1.74689E-3,53.821414903,0.719431296,0.18386817,0.510843373,0
1.75024E-3,54.171417056,0.720115189,0.182133565,0.515662651,0
1.75398E-3,54.346814907,0.720874769,0.181266262,0.518072289,0
1.75775E-3,54.522590365,0.721640544,0.180398959,0.518072289,0
1.76098E-3,54.874542539,0.722293201,0.178664354,0.520481928,0
1.76346E-3,55.050888467,0.722793456,0.177797051,0.522891566,0
1.77669E-3,55.406208496,0.725448179,0.176062446,0.527710843,0
1.77689E-3,55.583897511,0.725488998,0.175195143,0.530120482,0
1.78551E-3,55.762448305,0.727204748,0.17432784,0.53253012,0
1.80141E-3,56.122381295,0.730342926,0.172593235,0.534939759,0
1.80497E-3,56.302878694,0.73104095,0.171725932,0.537349398,0
1.82677E-3,56.667387683,0.735272451,0.169991327,0.542168675,0
1.83334E-3,56.850721881,0.736535086,0.169124024,0.544578313,0
1.84176E-3,57.034898014,0.738143992,0.168256722,0.546987952,0
1.8484E-3,57.404327722,0.739404808,0.166522116,0.551807229,0
1.86138E-3,57.590466212,0.741855947,0.165654814,0.554216867,0
1.86189E-3,57.77665561,0.74195154,0.164787511,0.556626506,0
1.86897E-3,58.149918234,0.743277367,0.163052905,0.561445783,0
1.87256E-3,58.33717406,0.743945919,0.162185603,0.563855422,0
1.88086E-3,58.525260189,0.745488031,0.1613183,0.56626506,0
1.88598E-3,58.902391977,0.746433952,0.159583695,0.571084337,0
1.89015E-3,59.09140709,0.747202416,0.158716392,0.571084337,0
1.8922E-3,59.280626653,0.747578162,0.157849089,0.573493976,0
1.89612E-3,59.659723338,0.748298092,0.156114484,0.578313253,0
1.90327E-3,59.850050386,0.749603862,0.155247181,0.580722892,0
1.90458E-3,60.040508415,0.749842362,0.154379879,0.58313253,0
1.91895E-3,60.422950954,0.752444826,0.152645273,0.587951807,0
1.9202E-3,60.61497139,0.752669849,0.151777971,0.590361446,0
1.92203E-3,60.80717452,0.752998374,0.150910668,0.592771084,0
1.92458E-3,61.191888637,0.753455349,0.149176062,0.597590361,0
1.92919E-3,61.384807316,0.754280907,0.14830876,0.6,0
1.93122E-3,61.577929029,0.754643605,0.147441457,0.602409639,0
1.93313E-3,61.77124215,0.754985044,0.146574154,0.604819277,0
1.94701E-3,62.159451639,0.757447238,0.144839549,0.609638554,0
1.94913E-3,62.354364541,0.757820266,0.143972246,0.612048193,0
1.95523E-3,62.549887914,0.758893507,0.143104944,0.614457831,0
1.96552E-3,62.942087268,0.760690467,0.141370338,0.619277108,0
1.96619E-3,63.13870599,0.760807281,0.140503036,0.621686747,0
1.96861E-3,63.335567102,0.761228724,0.139635733,0.624096386,0
1.96891E-3,63.532457831,0.761280167,0.13876843,0.626506024,0
1.98049E-3,63.928125162,0.763283692,0.137033825,0.628915663,0
1.9869E-3,64.126814833,0.764384193,0.136166522,0.631325301,0
1.98731E-3,64.325545991,0.7644553,0.135299219,0.63373494,0
1.98742E-3,64.524287598,0.764473207,0.134431917,0.636144578,0
1.99169E-3,64.922357794,0.765203579,0.132697311,0.640963855,0
1.99549E-3,65.12190648,0.765852132,0.131830009,0.643373494,0
1.99569E-3,65.321475548,0.76588685,0.130962706,0.645783133,0
2.00203E-3,65.521678235,0.766963591,0.130095403,0.648192771,0
2.0183E-3,65.924615793,0.769705549,0.128360798,0.653012048,0
2.02051E-3,66.126666644,0.770076072,0.127493495,0.655421687,0
2.026E-3,66.329266335,0.770992338,0.126626193,0.657831325,0
2.02976E-3,66.532242808,0.771619244,0.12575889,0.660240964,0
2.0487E-3,66.941249252,0.774744641,0.124024284,0.662650602,0
2.05267E-3,67.146515878,0.775392964,0.123156982,0.665060241,0
2.05292E-3,67.351807967,0.775434571,0.122289679,0.66746988,0
2.05428E-3,67.557236004,0.775656574,0.121422376,0.669879518,0
2.05477E-3,67.76271278,0.775736111,0.120555074,0.672289157,0
2.05845E-3,68.174327346,0.776336344,0.118820468,0.677108434,0
2.0672E-3,68.381047477,0.777755641,0.117953166,0.679518072,0
2.07445E-3,68.588492618,0.778924841,0.117085863,0.681927711,0
2.08283E-3,68.796775417,0.780268046,0.11621856,0.684337349,0
2.08378E-3,69.005153059,0.780419615,0.115351258,0.686746988,0
2.09392E-3,69.423870514,0.782034153,0.113616652,0.691566265,0
2.09407E-3,69.633277656,0.782058139,0.11274935,0.693975904,0
2.09454E-3,69.842731723,0.782132533,0.111882047,0.696385542,0
2.09857E-3,70.052588641,0.782770147,0.111014744,0.698795181,0
2.10009E-3,70.262597292,0.783009822,0.110147441,0.701204819,0
2.11196E-3,70.684492371,0.784876289,0.108412836,0.706024096,0
2.11487E-3,70.895979653,0.78533162,0.107545533,0.708433735,0
2.12902E-3,71.10888128,0.787529225,0.106678231,0.710843373,0
2.12994E-3,71.321875295,0.78767199,0.105810928,0.713253012,0
2.13023E-3,71.534898352,0.78771685,0.104943625,0.715662651,0
2.13503E-3,71.961850717,0.788456654,0.10320902,0.720481928,0
2.13538E-3,72.175388361,0.788510119,0.102341717,0.722891566,0
2.13934E-3,72.389322108,0.789118716,0.101474415,0.725301205,0
2.14063E-3,72.603385305,0.789317233,0.100607112,0.727710843,0
2.14973E-3,72.818358612,0.790707647,0.099739809,0.730120482,0
2.15167E-3,73.033525869,0.791002765,0.098872507,0.73253012,0
2.15415E-3,73.464338201,0.791379398,0.097137901,0.737349398,0
2.15539E-3,73.679877409,0.79156757,0.096270598,0.739759036,0
2.15588E-3,73.895465467,0.791641633,0.095403296,0.742168675,0
2.15703E-3,74.11116892,0.791816488,0.094535993,0.744578313,0
2.16124E-3,74.327292514,0.792451872,0.09366869,0.746987952,0
2.16148E-3,74.54344051,0.792488715,0.092801388,0.74939759,0
2.16234E-3,74.759675008,0.792619269,0.091934085,0.751807229,0
2.17723E-3,75.194714969,0.794852851,0.09019948,0.756626506,0
2.18754E-3,75.413469043,0.796386135,0.089332177,0.756626506,0
2.19246E-3,75.632715322,0.797113972,0.088464874,0.759036145,0
2.19576E-3,75.852291413,0.797600219,0.087597572,0.761445783,0
2.19687E-3,76.071978048,0.797762934,0.086730269,0.763855422,0
2.19812E-3,76.291790361,0.797947767,0.085862966,0.76626506,0
2.20079E-3,76.511868969,0.798338846,0.084995663,0.768674699,0
2.20419E-3,76.952702368,0.798838204,0.083261058,0.773493976,0
2.20492E-3,77.173193942,0.79894383,0.082393755,0.775903614,0
2.20663E-3,77.393856467,0.799193735,0.081526453,0.778313253,0
2.20692E-3,77.61454814,0.799236314,0.08065915,0.780722892,0
2.20899E-3,77.835446665,0.799538226,0.079791847,0.78313253,0
2.20964E-3,78.05641044,0.799633365,0.078924545,0.785542169,0
2.21101E-3,78.277511879,0.799833946,0.078057242,0.787951807,0
2.21655E-3,78.720530616,0.800638907,0.076322637,0.792771084,0
2.21897E-3,78.942427581,0.80098912,0.075455334,0.795180723,0
2.21947E-3,79.164374589,0.801061562,0.074588031,0.797590361,0
2.22323E-3,79.386697409,0.801604756,0.073720729,0.8,0
2.22566E-3,79.60926348,0.801955556,0.072853426,0.802409639,0
2.22933E-3,79.832196682,0.802483835,0.071986123,0.804819277,0
2.23136E-3,80.055333118,0.802775668,0.07111882,0.807228916,0
2.23294E-3,80.27862669,0.803001014,0.070251518,0.809638554,0
2.23646E-3,80.502272727,0.803505537,0.069384215,0.809638554,0
2.24687E-3,80.95098596,0.804988661,0.06764961,0.814457831,0
2.25454E-3,81.176440147,0.806073508,0.066782307,0.81686747,0
2.25669E-3,81.402109228,0.806376464,0.065915004,0.819277108,0
2.25989E-3,81.628097955,0.806826224,0.065047702,0.821686747,0
2.26346E-3,81.854443621,0.807327225,0.064180399,0.824096386,0
2.26399E-3,82.080842759,0.807402165,0.063313096,0.826506024,0
2.2721E-3,82.308053136,0.80853555,0.062445794,0.828915663,0
2.2811E-3,82.536163567,0.809785218,0.061578491,0.831325301,0
2.28277E-3,82.764440745,0.810015837,0.060711188,0.83373494,0
2.2843E-3,83.221299373,0.810226516,0.058976583,0.838554217,0
2.28456E-3,83.449754992,0.810262322,0.05810928,0.840963855,0
2.28965E-3,83.678720074,0.810964295,0.057241977,0.843373494,0
2.29538E-3,83.9082577,0.811750086,0.056374675,0.845783133,0
2.29918E-3,84.138175664,0.812270276,0.055507372,0.848192771,0
2.303E-3,84.368475222,0.81279074,0.054640069,0.85060241,0
2.30776E-3,84.599251556,0.813438997,0.053772767,0.853012048,0
2.30899E-3,84.830150911,0.813605901,0.052905464,0.855421687,0
2.31016E-3,85.061166897,0.813763997,0.052038161,0.857831325,0
2.31053E-3,85.292219761,0.813813957,0.051170859,0.860240964,0
2.3153E-3,85.523750002,0.814459483,0.050303556,0.862650602,0
2.3161E-3,85.755360355,0.814567593,0.049436253,0.865060241,0
2.32546E-3,86.22014371,0.815825984,0.047701648,0.869879518,0
2.32657E-3,86.452800532,0.815974024,0.046834345,0.872289157,0
2.33865E-3,86.686665561,0.817584566,0.045967042,0.874698795,0
2.34259E-3,86.920924191,0.818106185,0.04509974,0.877108434,0
2.35015E-3,87.155939637,0.819104971,0.044232437,0.879518072,0
2.35076E-3,87.391015896,0.819184989,0.043365134,0.881927711,0
2.36089E-3,87.627104821,0.820512261,0.042497832,0.884337349,0
2.36263E-3,87.863368228,0.820739965,0.041630529,0.886746988,0
2.36527E-3,88.09989554,0.821083817,0.040763226,0.889156627,0
2.36903E-3,88.336798098,0.821571606,0.039895924,0.891566265,0
2.38643E-3,88.575440777,0.823816294,0.039028621,0.893975904,0
2.38946E-3,88.814387229,0.824205244,0.038161318,0.896385542,0
2.39465E-3,89.053852173,0.824867136,0.037294016,0.898795181,0
2.3997E-3,89.293821995,0.825509255,0.036426713,0.901204819,0
2.41106E-3,89.534927915,0.826945582,0.03555941,0.903614458,0
2.41346E-3,89.776273724,0.82724735,0.034692108,0.906024096,0
2.41923E-3,90.01819693,0.827971529,0.033824805,0.908433735,0
2.42498E-3,90.260694992,0.828689504,0.032957502,0.910843373,0
2.42544E-3,90.503239397,0.828747256,0.032090199,0.913253012,0
2.42974E-3,90.988973852,0.829281258,0.030355594,0.918072289,0
2.43191E-3,91.232164581,0.829550645,0.029488291,0.920481928,0
2.43359E-3,91.475523585,0.829759193,0.028620989,0.922891566,0
2.43399E-3,91.718923031,0.829809276,0.027753686,0.925301205,0
2.44217E-3,91.96314007,0.830818623,0.026886383,0.927710843,0
2.44543E-3,92.207683311,0.831219658,0.026019081,0.930120482,0
2.45989E-3,92.453672094,0.83298541,0.025151778,0.93253012,0
2.46444E-3,92.70011655,0.833538183,0.024284475,0.93253012,0
2.46707E-3,92.94682316,0.833855371,0.023417173,0.934939759,0
2.46755E-3,93.193577895,0.833913532,0.02254987,0.937349398,0
2.48018E-3,93.441596134,0.835433292,0.021682567,0.939759036,0
2.48853E-3,93.690448893,0.83642943,0.020815265,0.942168675,0
2.50664E-3,93.941112753,0.838570587,0.019947962,0.944578313,0
2.52176E-3,94.193288779,0.840336843,0.019080659,0.946987952,0
2.53361E-3,94.446650041,0.841707717,0.018213356,0.94939759,0
2.54438E-3,94.70108822,0.842943095,0.017346054,0.951807229,0
2.57311E-3,94.9583995,0.84619199,0.016478751,0.954216867,0
2.57364E-3,95.215763898,0.846251418,0.015611448,0.956626506,0
2.59588E-3,95.475351663,0.848718439,0.014744146,0.959036145,0
2.63101E-3,95.73845315,0.852536764,0.013876843,0.961445783,0
2.67588E-3,96.006040815,0.857272099,0.01300954,0.963855422,0
2.67834E-3,96.273874625,0.857527469,0.012142238,0.96626506,0
2.6795E-3,96.541824596,0.857647826,0.011274935,0.968674699,0
2.71489E-3,96.813313367,0.861266087,0.010407632,0.971084337,0
2.72479E-3,97.085792852,0.862262468,0.00954033,0.973493976,0
2.73295E-3,97.359087667,0.863077091,0.008673027,0.975903614,0
2.7347E-3,97.632557558,0.863251386,0.007805724,0.978313253,0
2.74871E-3,97.907428817,0.86463853,0.006938422,0.980722892,0
2.76384E-3,98.183813132,0.866120437,0.006071119,0.98313253,0
2.80152E-3,98.463965378,0.869740671,0.005203816,0.985542169,0
2.81261E-3,98.745226013,0.87078686,0.004336513,0.987951807,0
2.96747E-3,99.041972675,0.884554819,0.003469211,0.990361446,0
3.07394E-3,99.34936669,0.893160071,0.002601908,0.992771084,0
3.09786E-3,99.659152947,0.895003487,0.001734605,0.995180723,0
3.40847E-3,100,0.91624076,0.000867303,0.997590361,0
