X,Y,Test or train,Raw prediction,Cumulative prediction,Cloglog prediction
1.0,1.0,train,7.818249855293214E-4,70.55634743797427,0.7474719802020127
2.0,2.0,train,3.168157667013234E-4,11.561831270564474,0.4274672510412568
3.0,3.0,train,5.663130296134048E-4,27.84205872451901,0.6309676907600604
4.0,4.0,train,5.315635906501766E-4,24.20976165381289,0.6076897273795037
5.0,5.0,train,8.215404784733112E-4,83.57847540487941,0.764523360472351
6.0,6.0,train,7.553656922956236E-4,64.08069794829125,0.7354320678694506
7.0,7.0,train,8.130563769979745E-4,81.07364351644692,0.760980262753897
8.0,8.0,train,7.378379212765684E-4,59.32891924904705,0.7271418987950873
9.0,9.0,train,4.6123535354705675E-4,19.780162648487728,0.55598842854399
10.0,10.0,train,7.106841564915444E-4,50.92209262049441,0.7137830215501206
11.0,11.0,train,3.6286684719261103E-4,14.343663013106577,0.4720471329570084
12.0,12.0,train,7.146504215830411E-4,52.07703050810418,0.7157743568293162
13.0,13.0,train,6.688537295375073E-4,41.53138473824506,0.6919125812667535
14.0,14.0,train,5.290296234424459E-4,23.979091034436433,0.605935919331563
15.0,15.0,train,6.839679295624046E-4,44.60768828779435,0.7000012513239182
16.0,16.0,train,1.7089844577456424E-4,4.676339778705272,0.2597961020432803
17.0,17.0,train,7.20177733625821E-5,1.8142614187692192,0.11906518629186458
18.0,18.0,train,6.735371496209682E-4,42.52265899721475,0.6944420572328431
19.0,19.0,train,5.636096626972234E-4,27.271355461820562,0.6292073952765588
20.0,20.0,train,8.872409180711256E-4,97.75571420140686,0.7902407676822789
21.0,21.0,train,6.69596460578212E-4,41.84496399767091,0.6923151166953041
22.0,22.0,train,7.705018248564397E-4,68.30321379870772,0.7423881030648658
23.0,23.0,train,7.237019005535615E-4,54.717726714805316,0.7202670835153859
24.0,24.0,train,6.909339749202875E-4,46.2920167377284,0.7036574366395
25.0,25.0,train,7.5468376230709E-4,63.83829977425783,0.7351142925802485
26.0,26.0,train,7.333436688834488E-4,57.60150749031641,0.7249747148635171
27.0,27.0,train,8.454233371139106E-4,89.80555897946343,0.7742177298955673
28.0,28.0,train,6.374454529881358E-4,35.6337622939174,0.6743995492691242
29.0,29.0,train,7.469049705108455E-4,61.93271603461007,0.7314623000676028
30.0,30.0,train,1.3178008366673846E-4,3.4165467855586105,0.20703025714192336
31.0,31.0,train,8.406105444342717E-4,88.03428368501123,0.7722968050421345
32.0,32.0,train,7.80077576311096E-4,70.26948262207242,0.7466940247288616
33.0,33.0,train,2.0534886319612412E-4,6.01244088322742,0.303349946661552
34.0,34.0,train,6.000895804317681E-4,31.361656746465865,0.6522694431312481
35.0,35.0,train,6.327064987834526E-4,35.005250226824565,0.67167206262904
36.0,36.0,train,6.865553347345992E-4,45.258392783725505,0.7013645081859217
37.0,37.0,train,6.817203429416585E-4,44.160793882561556,0.6988119888196038
38.0,38.0,train,8.414550322341268E-4,88.26009401744669,0.7726350428801311
39.0,39.0,train,6.897236720829899E-4,46.01536710837466,0.7030254131249833
40.0,40.0,train,1.5817143860343753E-4,4.2390396253584495,0.2430260673913337
41.0,41.0,train,8.168126064630275E-4,82.31881792414909,0.7625554541488611
42.0,42.0,train,9.347791186536618E-4,99.35191033557065,0.8070792112187578
43.0,43.0,train,8.024140282722318E-4,76.81584507136327,0.756460371551371
44.0,44.0,train,6.686287578506346E-4,41.48754389925005,0.6917905502394295
45.0,45.0,train,1.9671231069358892E-4,5.573139926345108,0.2926780169029889
46.0,46.0,train,4.711353124331468E-4,20.274003953634107,0.5636590659188261
47.0,47.0,train,7.331913353384366E-4,57.529519231549315,0.7249009569122925
48.0,48.0,train,7.053125746297271E-4,49.41348981036701,0.7110638607636297
49.0,49.0,train,6.766570278082353E-4,43.40589788614839,0.6961155416006867
50.0,50.0,train,4.6106166700700553E-4,19.762221601871985,0.555852656834239
51.0,51.0,train,8.252419650308487E-4,84.7041936540726,0.7660526593115582
52.0,52.0,train,9.907256916697169E-6,0.377255234791587,0.01728838464747584
53.0,53.0,train,6.192014802593507E-4,33.500843985391086,0.6637733219154606
54.0,54.0,train,5.875643262296394E-4,30.089149768447882,0.6445175405848531
55.0,55.0,train,7.552741322666286E-4,64.03069582352919,0.735389423611092
56.0,56.0,train,7.335990093839176E-4,57.78274707967641,0.7250983031110526
57.0,57.0,train,3.1332382520748975E-4,10.91714880428336,0.42393716589770636
58.0,58.0,train,7.102248391214794E-4,50.821319577489675,0.7135515133989587
59.0,59.0,train,7.060429365235824E-4,49.78778762947869,0.7114350909389988
60.0,60.0,train,5.433745807491725E-4,25.596412953203906,0.6157619217581549
61.0,61.0,train,6.32629109518964E-4,34.993742734839316,0.6716273324556017
62.0,62.0,train,4.988415737028712E-4,22.057865204874968,0.5844291813422756
63.0,63.0,train,8.73983221516967E-4,96.08166607267555,0.7852879871146579
64.0,64.0,train,2.3570201231927748E-4,7.0618269196363945,0.3395951321407239
65.0,65.0,train,8.225833715161584E-4,83.87711685347416,0.764955248800823
66.0,66.0,train,7.678974589144971E-4,67.59949283405683,0.7412043905466202
67.0,67.0,train,6.899712112131972E-4,46.07227255431088,0.7031547883071765
68.0,68.0,train,5.330985183362723E-4,24.346868577837256,0.6087482824662906
69.0,69.0,train,5.269855322913373E-4,23.72611999939611,0.6045154524246502
70.0,70.0,train,4.624416978026771E-4,19.904936095206207,0.5569302898598422
71.0,71.0,train,8.968152139509479E-4,98.55849352935391,0.7937463149568169
72.0,72.0,train,8.033687552927733E-4,77.38615618390205,0.7568693179725875
73.0,73.0,train,6.597357734975742E-4,39.856552745832566,0.6869278263010731
74.0,74.0,train,6.599788824344737E-4,39.922672723384615,0.6870617738938142
75.0,75.0,train,0.0010526434307370125,99.7750320305593,0.8432260178935193
76.0,76.0,train,5.996851585169655E-4,31.306815178667254,0.6520218066776997
77.0,77.0,train,2.1708252816092172E-4,6.561998240703717,0.31759137137716376
78.0,78.0,train,8.004237421581909E-4,76.38294935718008,0.7556056422640934
79.0,79.0,train,5.71895581867647E-4,28.43387286369267,0.6345763635115025
80.0,80.0,train,7.522673455567152E-4,63.080304199912185,0.7339851811967608
81.0,81.0,train,6.72707852979753E-4,42.26886866510791,0.6939956790538178
82.0,82.0,train,5.826794671654342E-4,29.533569592060935,0.6414476620900427
83.0,83.0,train,8.308476347939994E-4,86.02481729178801,0.7683497974531339
84.0,84.0,train,8.571105684594545E-4,92.43911944076596,0.7788152564274871
85.0,85.0,train,3.655723345487828E-4,14.58664644458562,0.4745554900756952
86.0,86.0,train,7.284478624885678E-4,56.0194777850216,0.7225943034629747
87.0,87.0,train,7.111535710896802E-4,51.02508096922221,0.7140194256532701
88.0,88.0,train,6.659858013537672E-4,41.083644448209775,0.6903533110699309
89.0,89.0,train,8.332527972723258E-4,86.27474965058109,0.7693284770198447
90.0,90.0,train,7.34869971876921E-4,58.16581538844683,0.7257126403976644
91.0,91.0,train,4.831523646789888E-4,21.19692119495762,0.5727922254114166
92.0,92.0,train,1.8540684881079192E-5,0.5643050048577669,0.03211001353809073
93.0,93.0,train,7.945782943141583E-4,74.27205070499019,0.7530779296760648
94.0,94.0,train,7.479425709279616E-4,62.12278005826564,0.7319523285152407
95.0,95.0,train,3.569769590846876E-4,14.009841648649324,0.4665449131072702
96.0,96.0,train,3.622396106918567E-4,14.280443326939654,0.4714638910836464
97.0,97.0,train,5.221943592812989E-4,23.54195785492375,0.6011659022809872
98.0,98.0,train,8.391798646289056E-4,87.27872659676738,0.7717226343867143
99.0,99.0,train,2.3397558579726417E-4,7.003756077214903,0.33758510979608036
100.0,100.0,train,7.817325967088125E-4,70.54276732845206,0.7474309081166324
101.0,101.0,train,7.127189634399943E-4,51.561879230574625,0.7148063699010188
102.0,102.0,train,5.286452872809817E-4,23.90420974780897,0.6056692288848798
103.0,103.0,train,8.436408656614925E-4,89.01803088747549,0.7735081907308984
104.0,104.0,train,6.033236791042289E-4,31.787903042697717,0.6542434240394068
105.0,105.0,train,2.5836296967780966E-4,7.850085473320556,0.3654199827948412
106.0,106.0,train,8.846265228073252E-4,97.57017539042215,0.78927321529876
107.0,107.0,train,8.558841744023776E-4,92.05249335240568,0.7783372469471996
108.0,108.0,train,3.0526147383577035E-4,10.44829424800202,0.415703382773572
109.0,109.0,train,7.573559925920706E-4,64.5598268354289,0.7363573575149586
110.0,110.0,train,8.489223174166254E-4,90.58040395708397,0.7756040930586456
111.0,111.0,train,6.233461360936257E-4,33.90830005005907,0.6662174265453276
112.0,112.0,train,8.396444680894614E-4,87.6128911295507,0.7719092509370601
113.0,113.0,train,8.420393651233943E-4,88.53974391318658,0.7728687882231976
114.0,114.0,train,8.533207841608277E-4,91.76120076038553,0.7773347799296046
115.0,115.0,train,4.013189046352629E-4,16.975430844288763,0.5065998452200106
116.0,116.0,train,6.929339528906168E-4,46.77652047240662,0.7046988842785178
117.0,117.0,train,8.172352640451509E-4,82.50750762472437,0.7627320464470779
118.0,118.0,train,8.140213130619483E-4,81.46884769622288,0.7613859075980814
119.0,119.0,train,7.26371382001501E-4,55.47473632175087,0.7215784767498736
120.0,120.0,train,6.908570553531498E-4,46.27446037644782,0.7036173090834615
121.0,121.0,train,9.885810768164014E-4,99.57041214936265,0.8245115861448822
122.0,122.0,train,6.587835993642875E-4,39.541551043271795,0.6864026473622693
123.0,123.0,train,7.588400226444358E-4,64.99689329626099,0.7370451757123888
124.0,124.0,train,7.899084617419678E-4,72.9967326581963,0.751039809046585
125.0,125.0,train,8.166661497816704E-4,82.27110066070662,0.7624942318246235
126.0,126.0,train,6.593516565993404E-4,39.73770030642775,0.6867160696021126
127.0,127.0,train,8.94679266784685E-4,98.3997383800389,0.7929693680051766
128.0,128.0,train,7.902903827493233E-4,73.07301764719267,0.7512071259895652
129.0,129.0,train,3.7294984914691047E-4,15.12564759948407,0.4813350647049218
130.0,130.0,train,8.283228000723145E-4,85.44105023135054,0.7673179546653655
131.0,131.0,train,4.736089837086032E-4,20.439641857893104,0.5655549212390949
132.0,132.0,train,7.945593823671887E-4,74.26168358050755,0.7530697094109755
133.0,133.0,train,2.799047149496834E-4,9.07605653728485,0.38903246327444907
134.0,134.0,train,8.079386080091609E-4,79.12958440806304,0.7588172724459767
135.0,135.0,train,7.411673373787542E-4,60.59573408256023,0.728736365132863
136.0,136.0,train,7.371828365127768E-4,59.03328429304175,0.72682707524045
137.0,137.0,train,7.658325109168743E-4,67.09679897475023,0.7402619846123075
138.0,138.0,train,7.192317706930548E-4,53.69639079032178,0.7180572683917403
139.0,139.0,train,5.660176085835482E-4,27.7892034461573,0.6307757349912468
140.0,140.0,train,8.676587829344002E-4,94.51420575642143,0.7828842859966213
141.0,141.0,train,7.200563267527302E-4,54.001768670795165,0.7184661978461921
142.0,142.0,train,7.974773345065308E-4,75.32323748442772,0.7543347955358255
143.0,143.0,train,8.583044955999656E-4,92.83118742022197,0.7792796210739273
144.0,144.0,train,8.064393078867922E-4,78.46132846396706,0.7581799041732701
145.0,145.0,train,7.48665247193858E-4,62.238482103638034,0.7322930990743874
146.0,146.0,train,8.558933938802957E-4,92.05449859544936,0.7783408442580719
147.0,147.0,train,6.704570626896459E-4,42.000068048710574,0.6927808765948824
148.0,148.0,train,7.772962628634535E-4,69.52612321317709,0.74545082365185
149.0,149.0,train,8.011550990521079E-4,76.5752466505105,0.7559200718860004
150.0,150.0,train,7.259869900588363E-4,55.26259765325155,0.7213900222714827
151.0,151.0,train,4.483224306289649E-4,19.278766909393564,0.545780291724465
152.0,152.0,train,6.017816006355581E-4,31.5889617155212,0.6533035948196149
153.0,153.0,train,3.920717971361436E-4,16.504250959788532,0.49850279104871165
154.0,154.0,train,7.37223276382028E-4,59.055401859595754,0.7268465205284881
155.0,155.0,train,6.723116758246048E-4,42.22155521081835,0.6937822021600608
156.0,156.0,train,6.018335365297364E-4,31.595661890593895,0.6533352890012861
157.0,157.0,train,7.00794285101256E-4,48.41218535675728,0.7087566536432237
158.0,158.0,train,8.024830835955981E-4,76.91250356718542,0.7564899736737647
159.0,159.0,train,6.288240330185182E-4,34.53690240333343,0.669420506399951
160.0,160.0,train,2.1429244405276533E-4,6.481216575249721,0.3142315888452424
161.0,161.0,train,5.844445126237122E-4,29.766858693635694,0.6425599479067792
162.0,162.0,train,8.426894432318915E-4,88.79240786627149,0.773128550654047
163.0,163.0,train,1.3209626476545783E-4,3.4287086743376265,0.20747147604646565
164.0,164.0,train,7.527940942865229E-4,63.20752051773302,0.7342317229279793
165.0,165.0,train,8.80933626829093E-5,2.2044588463068395,0.14364411030610968
166.0,166.0,train,6.837635233988276E-4,44.57102597110353,0.6998932885565575
167.0,167.0,train,8.468596742163086E-4,89.99799917596245,0.7747878675788646
168.0,168.0,train,6.659265831077133E-4,41.0765032778439,0.6903210315505761
169.0,169.0,train,7.194116613664358E-4,53.782275848452386,0.7181465338078707
170.0,170.0,train,6.213522031822943E-4,33.698892001547875,0.6650438294432376
171.0,171.0,train,6.351512640387668E-4,35.30225688011226,0.6730819788038352
172.0,172.0,train,8.876177819278827E-4,97.78679092893675,0.7903798730765516
173.0,173.0,train,8.609480171395698E-4,93.46482687190624,0.7803043232540086
174.0,174.0,train,8.411804157524239E-5,2.101643577151178,0.13763058197065337
175.0,175.0,train,5.078372960132677E-4,22.42621350795954,0.5909579237696562
176.0,176.0,train,7.560663681737965E-4,64.32575444737381,0.7357581815464205
177.0,177.0,train,5.390005772821197E-4,24.992291511804876,0.6127920687013468
178.0,178.0,train,7.087239101701334E-4,50.52136486481626,0.7127936988269357
179.0,179.0,train,7.563421063310133E-4,64.37580211088195,0.7358864073611531
180.0,180.0,train,4.0707075913260567E-4,17.348555592453724,0.5115702628233995
181.0,181.0,train,7.42391193147401E-4,61.03059989132899,0.729320128093476
182.0,182.0,train,7.176041606978841E-4,53.24387889020659,0.7172483290051381
183.0,183.0,train,7.626824033415204E-4,66.09088472087494,0.7388177159062852
184.0,184.0,train,7.781788731203483E-4,69.72024567284491,0.745845995304726
185.0,185.0,train,7.790419319380848E-5,1.9481605861188545,0.1281460961433346
186.0,186.0,train,6.692362522370067E-4,41.74110018524675,0.692119961525032
187.0,187.0,train,4.957327262666469E-4,21.783258919434633,0.5821487564849908
188.0,188.0,train,6.586063152767533E-4,39.46159192756267,0.6863047677243511
189.0,189.0,train,1.293033606839398E-4,3.321279770625613,0.20356557385191243
190.0,190.0,train,7.08918787653626E-4,50.566065233673356,0.7128922050305266
191.0,191.0,train,7.647632544427076E-4,66.77496304575529,0.7397726469683162
192.0,192.0,train,3.614763541372069E-4,14.240263777242767,0.4707533005313952
193.0,193.0,train,4.471859480636827E-5,1.197333210942589,0.07569887986358825
194.0,194.0,train,6.612240942834043E-4,40.23369632557088,0.6877469597988511
195.0,195.0,train,6.284547703790799E-4,34.50031918599257,0.6692055576729108
196.0,196.0,train,4.8078602317173577E-4,21.0951751892946,0.5710090098807228
197.0,197.0,train,8.781295565528833E-4,96.52003366124298,0.7868494053404669
198.0,198.0,train,8.062510419182635E-4,78.4085510536987,0.7580997513877806
199.0,199.0,train,8.854314728804422E-4,97.63244158300783,0.7895715910185007
200.0,200.0,train,2.3427717806447768E-4,7.013191701043651,0.3379366843671967
201.0,201.0,train,8.300792441735453E-4,85.89458182516348,0.7680362589177351
202.0,202.0,train,7.397971623951991E-4,60.170865713355546,0.728081315970571
203.0,203.0,train,4.246793122224852E-4,18.25402199188749,0.5264774221656379
204.0,204.0,train,5.548344578636949E-4,26.460672023178944,0.6234353553534997
205.0,205.0,train,6.583631905749341E-4,39.351937212157026,0.6861704873997079
206.0,206.0,train,6.486524935654591E-4,37.1721418584543,0.680759908451029
207.0,207.0,train,7.091142836134963E-4,50.60346824537406,0.7129909899133593
208.0,208.0,train,6.569376699962434E-4,38.88253535985593,0.6853820000642348
209.0,209.0,train,7.912958148744604E-4,73.54701239642556,0.7516470613569499
210.0,210.0,train,6.939572303769584E-4,46.942134295837555,0.7052303189323412
211.0,211.0,train,6.778547739864973E-4,43.674333807893696,0.6967555681352187
212.0,212.0,train,8.540815657319051E-4,91.84252161544532,0.7776327715446743
213.0,213.0,train,7.544209619136005E-4,63.745935858438244,0.7349917273073701
214.0,214.0,train,1.4700900515556153E-4,3.879994634895298,0.2280051668344545
215.0,215.0,train,6.213388884324337E-4,33.69766592088105,0.6650359787406126
216.0,216.0,train,3.135936140909698E-4,10.95646153946791,0.4242106759108295
217.0,217.0,train,8.572261698998716E-4,92.53192664323144,0.7788602610029737
218.0,218.0,train,8.392960615992699E-4,87.46610288346419,0.7717693213563187
219.0,219.0,train,7.463915998851974E-4,61.80534135983209,0.7312195189149627
220.0,220.0,train,3.0757350045554967E-4,10.529288542401403,0.41807653280012547
221.0,221.0,train,9.103651038506802E-4,99.01130902213575,0.7986075979439693
222.0,222.0,train,2.642958272626657E-4,8.211280723762052,0.37201273804795376
223.0,223.0,train,6.799641397964401E-4,43.96436835450504,0.69787945124599
224.0,224.0,train,7.939395629312911E-4,74.013388434764,0.7528001472417368
225.0,225.0,train,3.151410445184347E-4,11.269239540037969,0.42577694301636826
226.0,226.0,train,3.717105057723299E-4,15.014045927627606,0.48020231281866255
227.0,227.0,train,4.346927606115947E-4,18.722323542364503,0.5347508383992721
228.0,228.0,train,8.506104942865079E-4,90.82367146508757,0.7762699335310032
229.0,229.0,train,2.7303605517219157E-4,8.785452199418724,0.3816005487045865
230.0,230.0,train,5.608692812207151E-4,27.018856086740914,0.6274144276998317
231.0,231.0,train,8.393359980984034E-4,87.53056274471109,0.7717853653022959
232.0,232.0,train,6.103732410115356E-4,32.51672692910289,0.6585074827777346
233.0,233.0,train,7.304920384463934E-4,56.63774764023861,0.7235907063140756
234.0,234.0,train,7.692427533924534E-4,67.90499531666347,0.7418165190209971
235.0,235.0,train,9.064791357916827E-4,98.82929942621028,0.7972252703651341
236.0,236.0,train,3.151736304009508E-4,11.276613371128086,0.4258098797177029
237.0,237.0,train,7.786201511488522E-4,69.82540892442996,0.7460433389022524
238.0,238.0,train,6.946490493534409E-4,47.05409937897271,0.7055890700895093
239.0,239.0,train,6.564479789660186E-4,38.752244458219906,0.6851106840983098
240.0,240.0,train,5.298705197383498E-4,24.073972905130887,0.6065187875126503
241.0,241.0,train,8.346811163613599E-4,86.55927290469515,0.7699077133847223
242.0,242.0,train,8.530680283969322E-4,91.56213186371814,0.7772356893167419
243.0,243.0,train,4.792869011622555E-4,21.013828974077484,0.5698754597128539
244.0,244.0,train,6.368914458629425E-4,35.51321821444176,0.6740818658326838
245.0,245.0,train,3.8529348071261136E-4,16.022033838671526,0.4924832091782282
246.0,246.0,train,8.324350931243756E-4,86.18978610142833,0.7689962115395089
247.0,247.0,train,7.961490833326474E-4,74.81264520364088,0.7537597342779065
248.0,248.0,train,7.490471477858718E-4,62.299626551343195,0.7324730053742202
249.0,249.0,train,7.278604482515638E-4,55.92511115508673,0.7223073134134719
250.0,250.0,train,6.899794062010787E-4,46.07414300383747,0.7031590704157442
251.0,251.0,train,7.116476495039357E-4,51.13336184668645,0.7142680399013177
252.0,252.0,train,7.100316963130573E-4,50.77895308305437,0.7134541083775313
253.0,253.0,train,7.058872089336819E-4,49.68000244914715,0.7113559773567585
254.0,254.0,train,6.832640240820946E-4,44.43092929488708,0.6996293006741772
255.0,255.0,train,7.307463117790009E-4,56.7572822757313,0.7237143974874387
256.0,256.0,train,6.553324693105635E-4,38.22746407978415,0.6844917560490926
257.0,257.0,train,8.836411005775556E-4,97.25622865558242,0.788907366813198
258.0,258.0,train,8.609926289004648E-4,93.56247775457,0.7803215751276013
259.0,259.0,train,6.683723178912486E-4,41.437570753172835,0.6916513909770736
260.0,260.0,train,5.017722345161663E-4,22.148278421631076,0.5865675043472598
261.0,261.0,train,6.804517707242834E-4,44.02675064391517,0.6981386706881537
262.0,262.0,train,6.859562655297737E-4,45.08899410939853,0.7010494216338824
263.0,263.0,train,8.104593733201281E-4,80.05458526048669,0.7598850920176936
264.0,264.0,train,4.108551064112906E-4,17.512822655539384,0.5148131347410265
265.0,265.0,train,2.0917748933701864E-4,6.2266688612939625,0.30802920953360646
266.0,266.0,train,6.849191679449947E-4,44.77832311745819,0.700503163464598
267.0,267.0,train,8.30594113485501E-4,85.98184765494882,0.7682463960327064
268.0,268.0,train,7.284977105218033E-4,56.02748574705077,0.7226186438114757
269.0,269.0,train,8.801597318617642E-4,96.78383079406811,0.7876097784486352
270.0,270.0,train,2.9247258374544397E-4,9.771354903515595,0.4024004844086798
271.0,271.0,train,7.056351664826253E-4,49.50555397116269,0.711227887408514
272.0,272.0,train,3.1481914973103967E-4,11.197446841603687,0.42545148118720355
273.0,273.0,train,8.13384063040746E-4,81.25912013455827,0.7611180943871837
274.0,274.0,train,8.778449743424372E-4,96.48576436436993,0.7867426018310204
275.0,275.0,train,8.698923836469778E-4,95.15479649973562,0.7837362588297406
276.0,276.0,train,7.115554006828328E-4,51.11315693520199,0.7142216378318486
277.0,277.0,train,8.082337299964048E-4,79.50023150286749,0.7589425338886305
278.0,278.0,train,4.938368524384711E-4,21.638721240154517,0.5807519428855525
279.0,279.0,train,5.958000224742774E-4,30.82429888638907,0.6496338491090524
280.0,280.0,train,7.407854657241707E-4,60.51148153597189,0.7285539598476768
281.0,281.0,train,7.740312709057156E-4,68.76717961993168,0.7439836386965536
282.0,282.0,train,5.410055309759434E-4,25.25843055176063,0.6141562273632345
283.0,283.0,train,8.726657936208087E-4,95.85957122113517,0.7847894823503194
284.0,284.0,train,8.645499740448717E-4,94.08111876258353,0.7816928887831514
285.0,285.0,train,7.140154491632406E-4,51.947413243386436,0.7154564913995398
286.0,286.0,train,6.977747774304147E-4,47.800043841378624,0.7072045193938712
287.0,287.0,train,7.9490667676877E-4,74.45206293695907,0.7532206207420653
288.0,288.0,train,8.656997879043038E-4,94.25455420187792,0.7821342949878749
289.0,289.0,train,6.452042644905034E-4,36.69466332643935,0.6788162735056961
290.0,290.0,train,7.859783049137744E-4,71.5988027785191,0.7493114842395001
291.0,291.0,train,8.332273539902835E-4,86.27210596637106,0.7693181456172933
292.0,292.0,train,7.62202212055522E-4,65.87499214477096,0.7385968523835826
293.0,293.0,train,1.5863469039656026E-4,4.258271301961293,0.24364309332051226
294.0,294.0,train,6.649636464481658E-4,40.93476958707435,0.6897956679243155
295.0,295.0,train,2.840295787099395E-4,9.3406597287421,0.39345258725035137
296.0,296.0,train,4.7151344030828523E-4,20.29932353000679,0.5639494030400944
297.0,297.0,train,7.748131147087605E-4,69.07687863500419,0.7443357430087703
298.0,298.0,train,6.858270525175167E-4,45.05244957321219,0.7009814171602601
299.0,299.0,train,7.37962957058037E-4,59.366206095680326,0.7272019478000693
300.0,300.0,train,7.588231610908116E-4,64.98598822565819,0.7370373708074257
301.0,301.0,train,3.557230499120982E-4,13.960821894113947,0.46536615208633214
302.0,302.0,train,7.997688447765767E-4,76.17475125400735,0.7553237408692945
303.0,303.0,train,6.360691011849863E-4,35.41350313289762,0.6736097384105327
304.0,304.0,train,7.976096247491957E-4,75.35125921428249,0.7543919964985937
305.0,305.0,train,7.370229039096062E-4,58.86645816843902,0.7267501589668066
306.0,306.0,train,4.6160854708408546E-4,19.818762445926303,0.5562800155748377
307.0,307.0,train,7.386076042494948E-4,59.56572461142161,0.7275113329155893
308.0,308.0,train,7.253536093853038E-4,55.05243833876101,0.7210792186701851
309.0,309.0,train,8.904738292270965E-4,98.02231353729216,0.7914310833060731
310.0,310.0,train,4.2205456579124344E-4,18.117024795708275,0.5242845457388157
311.0,311.0,train,7.202577581036338E-4,54.07033662860514,0.7185660053194289
312.0,312.0,train,7.657984746414447E-4,67.07438709237644,0.740246422340356
313.0,313.0,train,7.042219650810199E-4,49.01738489523043,0.7105086338033142
314.0,314.0,train,7.6919568356012E-4,67.89133987420742,0.7417951260285245
315.0,315.0,train,6.374396400653741E-4,35.63249748451062,0.674396217581967
316.0,316.0,train,6.83074070433813E-4,44.322474155129775,0.6995288482879491
317.0,317.0,train,7.264389355797181E-4,55.51828667561562,0.7216115828317385
318.0,318.0,train,6.75328189653998E-4,42.808062846382484,0.6954038840581516
319.0,319.0,train,2.970280625700402E-4,10.0934481457951,0.4071734311338838
320.0,320.0,train,7.990152958540278E-4,75.78890062504394,0.7549989724459638
321.0,321.0,train,7.822937729058896E-4,70.67255909256723,0.7476802799514584
322.0,322.0,train,5.787635462966305E-4,28.954660914300092,0.6389675769374485
323.0,323.0,train,6.549426941519414E-4,38.16374604820648,0.6842752069866356
324.0,324.0,train,5.353935544982236E-4,24.602722499758144,0.6103257167388934
325.0,325.0,train,6.628341383089875E-4,40.632531585010575,0.6886306735062175
326.0,326.0,train,6.580528079088916E-4,39.22762296038993,0.6859989762608315
327.0,327.0,train,7.984799520136475E-4,75.53561200552696,0.7547679853041006
328.0,328.0,train,6.492495068116746E-4,37.23629802672884,0.6810952255144578
329.0,329.0,train,5.869137084818294E-4,30.001432061941227,0.6441101835306657
330.0,330.0,train,7.409886782617108E-4,60.55631642638843,0.728651041861997
331.0,331.0,train,8.932027371207312E-4,98.28998161292697,0.7924305727789959
332.0,332.0,train,5.238621387685563E-6,0.17519744712909907,0.009179067846651678
333.0,333.0,train,5.364790658724982E-4,24.731754978145425,0.611069598150181
334.0,334.0,train,7.609543405839341E-4,65.5471522249254,0.7380220213767895
335.0,335.0,train,5.952871718303413E-4,30.768931323873,0.64931740899144
336.0,336.0,train,8.192427519066136E-4,83.30036632895637,0.7635690115260106
337.0,337.0,train,7.151684950471724E-4,52.276177564649835,0.7160334398998385
338.0,338.0,train,8.695491539358641E-4,95.03566165505411,0.7836055568299998
339.0,339.0,train,3.0774731564797703E-4,10.538034032881276,0.4182545531336488
340.0,340.0,train,7.166508731633285E-4,52.76979210347664,0.7167734576497391
341.0,341.0,train,6.894231815791094E-4,45.78049729908488,0.7028682873811942
342.0,342.0,train,6.507272919099147E-4,37.50916333523223,0.6819237207214478
343.0,343.0,train,9.097594094425845E-4,98.9829408699652,0.7983927601765393
344.0,344.0,train,7.631649202340943E-4,66.30934601369364,0.7390394611209443
345.0,345.0,train,7.520289178657432E-4,63.00975413625655,0.7338735113021543
346.0,346.0,train,7.140885322953107E-4,51.961436096494744,0.7154930947079923
347.0,347.0,train,7.546391364191238E-4,63.82375881694138,0.7350934838827301
348.0,348.0,train,3.198693780959651E-4,11.783956733993259,0.43053648399646005
349.0,349.0,train,6.695309948873173E-4,41.833164998714985,0.6922796576219429
350.0,350.0,train,5.746810203041222E-4,28.62840693357468,0.6363637084295417
351.0,351.0,train,6.184739983104738E-4,33.41759155537997,0.663342482986937
352.0,352.0,train,7.303402213134278E-4,56.56634867561061,0.723516828522987
353.0,353.0,train,1.1140159688654503E-4,2.812650734729866,0.17806857649014463
354.0,354.0,train,3.497032818381577E-4,13.66721204875291,0.4596707854820614
355.0,355.0,train,5.693149585539154E-4,28.23376961255434,0.6329126042468
356.0,356.0,train,7.970707805082694E-4,75.14240954227101,0.7541589223063455
357.0,357.0,train,2.2040181593898853E-4,6.63415737196257,0.321566980795433
358.0,358.0,train,6.738192937338606E-4,42.57408037227826,0.6945937759531104
359.0,359.0,train,4.737542969013719E-4,20.449372080720284,0.5656660347388112
360.0,360.0,train,8.212151906202318E-4,83.52271881063794,0.7643884882658264
361.0,361.0,train,8.619361613863209E-4,93.79531231759266,0.780686132680205
362.0,362.0,train,7.626197393207192E-4,66.06251335562713,0.7387889042404419
363.0,363.0,train,7.369706497177658E-4,58.81222570897392,0.7267250237017016
364.0,364.0,train,7.912304221111204E-4,73.36221816987229,0.7516184718653709
365.0,365.0,train,7.506940063407591E-4,62.60878067979136,0.7332474261756212
366.0,366.0,train,6.050366386599831E-4,31.944135886523725,0.6552844112712182
367.0,367.0,train,5.155147599687727E-4,23.12765973160023,0.5964487396399133
368.0,368.0,train,7.541659139007757E-4,63.65196519877781,0.7348727233751637
369.0,369.0,train,4.2604546088672625E-4,18.323229205869225,0.5276147849230333
370.0,370.0,train,8.70070910000725E-5,2.1763641811408885,0.1420050668295132
371.0,371.0,train,7.535208891112581E-4,63.42302835146803,0.7345715199976577
372.0,372.0,train,6.501962184659554E-4,37.37189620567402,0.6816262314387803
373.0,373.0,train,8.392998029944733E-4,87.47214171563311,0.7717708244588967
374.0,374.0,train,6.60363934080881E-4,40.02483378596236,0.6872738114890158
375.0,375.0,train,8.801808269960575E-4,96.78812181607657,0.787617665073652
376.0,376.0,train,1.1146592049360764E-4,2.814209325715645,0.1781616366578448
377.0,377.0,train,6.562299399611753E-4,38.6052252516951,0.6849898031368538
378.0,378.0,train,6.871994933322533E-4,45.37812563196794,0.7017029394463123
379.0,379.0,train,1.397039644436881E-5,0.46542158300511105,0.024291932453818776
380.0,380.0,train,6.518680829479356E-4,37.769698948340114,0.6825618135191418
381.0,381.0,train,7.606460014651713E-4,65.44106480632888,0.737879790554202
382.0,382.0,train,8.144605595528727E-4,81.61199108171446,0.7615703322387364
383.0,383.0,train,8.06881509624174E-4,78.60949005141435,0.7583680637207912
384.0,384.0,train,7.82976065179252E-4,70.83515910679272,0.7479831409267717
385.0,385.0,train,4.973367223256411E-4,21.994380938285744,0.5833268898914659
386.0,386.0,train,7.064943366359141E-4,49.97054713389244,0.7116642911913194
387.0,387.0,train,7.58515913165601E-4,64.78731729551772,0.7368951107816364
388.0,388.0,train,5.869017082459637E-4,30.00029212875567,0.6441026657028721
389.0,389.0,train,7.553141643283603E-4,64.05255785401518,0.735408069465883
390.0,390.0,train,1.4452075382334655E-4,3.823040780538714,0.22461639335487504
391.0,391.0,train,6.399355772726688E-4,36.04615971712201,0.6758236377885994
392.0,392.0,train,3.814385800439265E-4,15.669025692642352,0.48902763370722846
393.0,393.0,train,8.529962465396815E-4,91.50559691114817,0.7772075398491376
394.0,394.0,train,8.080821376710668E-4,79.31269531307929,0.7588782002387794
395.0,395.0,train,2.8379539105200815E-4,9.326005524346373,0.39320249472036495
396.0,396.0,train,3.923001079920028E-4,16.522776891258566,0.4987042981049872
397.0,397.0,train,6.07009542633607E-4,32.151288316190666,0.656479486950857
398.0,398.0,train,7.519984060848915E-4,62.998947261760605,0.7338592174341869
399.0,399.0,train,7.001678336585796E-4,48.029547463195385,0.7084353132311388
400.0,400.0,train,7.825618163671648E-4,70.73900748071196,0.7477993044612465
401.0,401.0,train,8.151285457020502E-4,81.82900202367327,0.761850523694485
402.0,402.0,train,8.017775693639588E-4,76.69419226022349,0.7561873695978294
403.0,403.0,train,3.220136067881876E-4,12.033098934562519,0.43268184359608497
404.0,404.0,train,7.316035657395082E-4,57.025572256297586,0.7241310006488111
405.0,405.0,train,1.5059211907107164E-4,3.9620089175543383,0.23285904153070647
406.0,406.0,train,6.758402377605483E-4,43.04504411992534,0.6956783079112466
407.0,407.0,train,7.01517373146855E-4,48.596131822557545,0.7091271238372547
408.0,408.0,train,6.059784111642042E-4,32.03003573053095,0.655855402503164
409.0,409.0,train,4.600827604270696E-4,19.730154746210907,0.5550866634992342
410.0,410.0,train,7.701109579163807E-4,68.17095846020341,0.7422107957261915
411.0,411.0,train,5.639213326435523E-4,27.300128809047024,0.6294107664083386
412.0,412.0,train,5.974973773675583E-4,31.007556883710937,0.650679119396538
413.0,413.0,train,5.368263342452124E-4,24.77302802325813,0.6113072749733708
414.0,414.0,train,8.439695414280719E-4,89.12203781315897,0.7736391924519861
415.0,415.0,train,7.060760786773984E-4,49.80122287529895,0.7114519251986313
416.0,416.0,train,6.434514521589695E-4,36.43501044002563,0.6778237482563363
417.0,417.0,train,7.762598362195281E-4,69.3050951346103,0.7449859992354289
418.0,418.0,train,8.417571006767796E-4,88.39221076453092,0.7727559065762492
419.0,419.0,train,7.193365028211919E-4,53.746392965221354,0.718109242044705
420.0,420.0,train,7.076833688069887E-4,50.282688841758,0.7122671561785747
421.0,421.0,train,4.8703159970192806E-4,21.34533816637616,0.5756994978128003
422.0,422.0,train,5.292693357504945E-4,24.02575636507443,0.6061021641056992
423.0,423.0,train,6.981569606162593E-4,47.836696730816186,0.7074014314516054
424.0,424.0,train,8.879867546788546E-4,97.81721809474205,0.7905159763868224
425.0,425.0,train,6.111417896640125E-4,32.582216585895736,0.6589691629921187
426.0,426.0,train,7.357389259504912E-4,58.4393825796099,0.7261318709769152
427.0,427.0,train,4.129990784287464E-4,17.645526996983598,0.516640777608063
428.0,428.0,train,7.721763206768036E-4,68.49123123506992,0.7431463183293412
429.0,429.0,train,7.795938732832306E-4,70.10313234842377,0.7464782544675364
430.0,430.0,train,7.744377249430756E-4,68.92819583536416,0.7441667462464989
431.0,431.0,train,5.394958945917247E-4,25.042242230007965,0.6131295275933435
432.0,432.0,train,7.378935241199776E-4,59.34550054018005,0.7271686039464054
433.0,433.0,train,8.029713618441035E-4,77.19189991942933,0.7566991825189997
434.0,434.0,train,5.421860984072026E-4,25.445808569373636,0.6149572292770225
435.0,435.0,train,8.188655667613867E-4,83.00638145628113,0.7634119804506252
436.0,436.0,train,2.7354670697136855E-4,8.804734268211329,0.38215617300021454
437.0,437.0,train,8.487329505023031E-4,90.4207679411239,0.7755292806112746
438.0,438.0,train,6.595477120580713E-4,39.80538331659362,0.6868241693204373
439.0,439.0,train,7.876817590913428E-4,72.30251539299083,0.7500620631734167
440.0,440.0,train,7.948113972019065E-4,74.39983271804437,0.7531792276847429
441.0,441.0,train,6.171172241397791E-4,33.26230340983427,0.6625374808309259
442.0,442.0,train,8.235472663091497E-4,84.25740907732495,0.765353717532071
443.0,443.0,train,7.876348698919957E-4,72.28404976304773,0.7500414328819566
444.0,444.0,train,8.78950573933274E-4,96.62671258947348,0.7871572329389589
445.0,445.0,train,7.928081795240675E-4,73.83547951415227,0.752307344644264
446.0,446.0,train,6.002519800919896E-4,31.383678925904015,0.6523688344243838
447.0,447.0,train,6.131845776408362E-4,32.75628687158497,0.6601932683098943
448.0,448.0,train,8.439145612030956E-4,89.10228902958333,0.7736172840245192
449.0,449.0,train,5.223773292920582E-4,23.55093084763175,0.6012943376685338
450.0,450.0,train,5.651098775054905E-4,27.597131607298078,0.6301852934568932
451.0,451.0,train,5.372646207813613E-4,24.817227421976582,0.6116070389661084
452.0,452.0,train,9.737442225536557E-5,2.4547221148951297,0.15752098046574214
453.0,453.0,train,6.515772973147485E-4,37.70329585658217,0.6823992864466428
454.0,454.0,train,8.067917788508304E-4,78.57675719373327,0.7583298945709357
455.0,455.0,train,7.212321725914329E-4,54.28678187479066,0.7190483198246099
456.0,456.0,train,7.340210107957109E-4,58.00290555062325,0.7253024357600821
457.0,457.0,train,7.042091554379271E-4,49.01210761487542,0.7105021061063541
458.0,458.0,train,2.0959470408999723E-4,6.250013865250705,0.30853721735132955
459.0,459.0,train,8.420946621963418E-4,88.56124178116256,0.7728908957554679
460.0,460.0,train,7.92488495769595E-4,73.78520956027795,0.7521679203865959
461.0,461.0,train,7.123026890174496E-4,51.27683268166448,0.7145973146320387
462.0,462.0,train,7.970126759407684E-4,75.11039267766851,0.7541337762793726
463.0,463.0,train,8.933068870907643E-4,98.29772933051856,0.7924686236996827
464.0,464.0,train,8.178249618876203E-4,82.80938785830033,0.7629782110927208
465.0,465.0,train,8.052450267692444E-4,78.02135599585004,0.7576709976937772
466.0,466.0,train,6.677985712537116E-4,41.325763199476455,0.6913398150343774
467.0,467.0,train,8.444613784543238E-4,89.29881523929846,0.7738350845470906
468.0,468.0,train,3.622694577679765E-4,14.283433774697363,0.4714916592684225
469.0,469.0,train,7.39643152278195E-4,60.10124752898093,0.7280075884525739
470.0,470.0,train,7.268869107567217E-4,55.704620275961325,0.7218310231030016
471.0,471.0,train,6.185568783958164E-4,33.42707750745181,0.6633915951733554
472.0,472.0,train,8.08278267598549E-4,79.5550953571254,0.7589614317577797
473.0,473.0,train,8.087123527899672E-4,79.71251880382303,0.7591455420375539
474.0,474.0,train,8.072355439006736E-4,78.73863809232678,0.7585186019381609
475.0,475.0,train,7.33445422714075E-4,57.67373262516783,0.7250239717481519
476.0,476.0,train,3.480675993045906E-4,13.534694570310704,0.45811279326810284
477.0,477.0,train,7.124283164768415E-4,51.3627556805219,0.7146604215624364
478.0,478.0,train,9.646649032489964E-5,2.4299679840519928,0.15617343967073805
479.0,479.0,train,7.050801385530051E-4,49.3472039318412,0.7109456174220785
480.0,480.0,train,7.535217891852775E-4,63.42332716056941,0.7345719405381754
481.0,481.0,train,5.091579726331122E-4,22.52115170370315,0.5919077457121401
482.0,482.0,train,6.291270435384489E-4,34.56680181221185,0.6695967852634667
483.0,483.0,train,7.018777912099861E-4,48.647478409068945,0.7093116060323903
484.0,484.0,train,8.235992166281536E-4,84.28774845925612,0.7653751743088119
485.0,485.0,train,8.449502571220741E-4,89.59632178609287,0.7740296303692675
486.0,486.0,train,6.475555800117737E-4,37.05424974887427,0.680142899272274
487.0,487.0,train,8.033264650644527E-4,77.34739984621227,0.7568512179796101
488.0,488.0,train,7.906301559717147E-4,73.16044466335369,0.7513558837599473
489.0,489.0,train,7.009827001225928E-4,48.51983157752648,0.7088532324780119
490.0,490.0,train,7.495240141705046E-4,62.38026708434206,0.7326974785743399
491.0,491.0,train,6.302011558734557E-4,34.67278930034615,0.6702209021116914
492.0,492.0,train,6.913039561730717E-4,46.35478552245188,0.703850373310446
493.0,493.0,train,7.687581615483888E-4,67.76441023884907,0.741596189728849
494.0,494.0,train,8.704829844978906E-4,95.33087163149465,0.7839609750859821
495.0,495.0,train,3.778159796867622E-5,1.037058969483333,0.0643429757027032
496.0,496.0,train,1.3853846473490405E-4,3.6538415094431365,0.21640805719479916
497.0,497.0,train,3.198933106428363E-4,11.786803603675253,0.4305604738788257
498.0,498.0,train,8.429172084394788E-4,88.84642075545948,0.7732194922589513
499.0,499.0,train,8.173624642609226E-4,82.564347381706,0.7627851667759732
500.0,500.0,train,6.55732700721624E-4,38.29289143482257,0.6847139597810912
501.0,501.0,train,3.9439046028994515E-4,16.69241295467667,0.5005454818742713
502.0,502.0,train,7.454194481897957E-4,61.36778170641723,0.7307591713432469
503.0,503.0,train,8.065947471013376E-4,78.50490340882813,0.7582460612049533
504.0,504.0,train,8.234925158160929E-4,84.22535488220278,0.765331102089887
505.0,505.0,train,1.9450076791933764E-4,5.481936641693442,0.2899190876878772
506.0,506.0,train,8.716895437286119E-4,95.55791383691728,0.7844193303081464
507.0,507.0,train,5.645303176940312E-4,27.458775642218626,0.6298078199869095
508.0,508.0,train,7.197973456886375E-4,53.91361058320537,0.7183378229822405
509.0,509.0,train,3.150128406593089E-4,11.24064594532927,0.4256473405776139
510.0,510.0,train,5.860413470843218E-4,29.9185642151797,0.6435632583256342
511.0,511.0,train,1.4521845688078133E-4,3.839010581419685,0.22556809982275527
512.0,512.0,train,4.3460088365321434E-4,18.71840121551684,0.5346755878332363
513.0,513.0,train,5.498699265897578E-4,26.12440018384551,0.6201301437935496
514.0,514.0,train,7.004188273907233E-4,48.186788910755304,0.7085641038723983
515.0,515.0,train,6.811388831210045E-4,44.09935647466776,0.6985035549161475
516.0,516.0,train,2.993329601626899E-4,10.229385544336505,0.40957381671404125
517.0,517.0,train,7.681646914686549E-4,67.6506917549476,0.7413261006318665
518.0,518.0,train,6.89701703464958E-4,45.98313007657771,0.7030139286045438
519.0,519.0,train,1.7676298835418057E-4,4.9032856319346685,0.2673981082013792
520.0,520.0,train,6.735876101113245E-4,42.53810313214787,0.694469197130086
521.0,521.0,train,5.770346153718712E-4,28.779418505456476,0.6378671345088203
522.0,522.0,train,7.313829355248057E-4,56.95652285117164,0.7240238401647436
523.0,523.0,train,3.682010286592259E-4,14.75493027200015,0.47698123397479364
524.0,524.0,train,7.357316837045163E-4,58.433831923359286,0.7261283795739437
525.0,525.0,train,7.395680506117231E-4,60.0672988393429,0.7279716286323614
526.0,526.0,train,1.742630697741634E-4,4.784409886066122,0.264167143124319
527.0,527.0,train,8.385239957453243E-4,87.05570665837554,0.7714589326160336
528.0,528.0,train,7.675552884216414E-4,67.53393659952512,0.741048466642469
529.0,529.0,train,6.544773739937538E-4,38.08767838746089,0.6840164924249044
530.0,530.0,train,9.565279081585982E-5,2.4077830344562323,0.1549639260758784
531.0,531.0,train,8.422238272796568E-4,88.61145734882662,0.7729425270179606
532.0,532.0,train,3.9546652108163853E-4,16.77973733386439,0.5014906388573388
533.0,533.0,train,8.159670004953219E-4,82.04924731498072,0.7622017534275776
534.0,534.0,train,4.6374154225633E-4,20.03938036509397,0.5579429159925724
535.0,535.0,train,5.282938063646157E-4,23.835729740249402,0.6054251786566006
536.0,536.0,train,7.409897944193823E-4,60.556562684850114,0.728651574995191
537.0,537.0,train,7.858747889468155E-4,71.545200986252,0.7492658002741002
538.0,538.0,train,6.896267023536644E-4,45.87307248414913,0.7029747169749384
539.0,539.0,train,7.15534490543794E-4,52.42088478928734,0.7162163280193332
540.0,540.0,train,6.245629506174618E-4,34.06105755657252,0.666931602877723
541.0,541.0,train,8.81452736254274E-4,97.04804767523797,0.7880926402121873
542.0,542.0,train,4.119651623411759E-4,17.581531220736277,0.5157602702089812
543.0,543.0,train,3.143176626759736E-4,11.085599624480945,0.42494406936437235
544.0,544.0,train,4.0017998820896894E-4,16.937351910456293,0.5056096769758796
545.0,545.0,train,7.951776352479955E-4,74.58833841493224,0.7533382974443459
546.0,546.0,train,7.662070493038314E-4,67.3136899654619,0.7404331717540475
547.0,547.0,train,7.827720368995571E-4,70.7911202926446,0.747892613454194
548.0,548.0,train,9.007214591840948E-4,98.66795470676335,0.7951596703960118
549.0,549.0,train,5.104775426560778E-4,22.7570938076454,0.5928545690197826
550.0,550.0,train,7.791879400403043E-4,69.9745097252781,0.7462970339146615
551.0,551.0,train,8.080136827048673E-4,79.22536527501774,0.7588491432874135
552.0,552.0,train,7.88235490969035E-4,72.52072694011186,0.7503055651595933
553.0,553.0,train,7.739111436696189E-4,68.74808379285759,0.7439294962885883
554.0,554.0,train,7.999368047526323E-4,76.2548712863743,0.7553960704386661
555.0,555.0,train,6.691217848454671E-4,41.67831560279018,0.6920579189926148
556.0,556.0,train,7.164167817154415E-4,52.70576701643322,0.7166567252473263
557.0,557.0,train,6.468234191270324E-4,36.94817910616959,0.679730398416149
558.0,558.0,train,5.286429042301161E-4,23.90374545136017,0.6056675747255672
559.0,559.0,train,7.297447361227804E-4,56.422109406300635,0.7232268607391772
560.0,560.0,train,8.246409050206344E-4,84.534923780977,0.7658050037073794
561.0,561.0,train,5.570277264028322E-4,26.81544004936443,0.6248863830683609
562.0,562.0,train,7.355526954757854E-4,58.296825387881405,0.7260420772753327
563.0,563.0,train,8.685817942575172E-4,94.70446461064911,0.7832367607086407
564.0,564.0,train,8.12521933440778E-4,80.58539211153807,0.7607552939208265
565.0,565.0,train,2.858136826520097E-4,9.452299360229354,0.3953544780256524
566.0,566.0,train,8.70300754293768E-4,95.2965417275015,0.7838916636860462
567.0,567.0,train,8.671398585102156E-4,94.4454258303062,0.7826858702290972
568.0,568.0,train,6.771665698253105E-4,43.55693788612626,0.696387984931597
569.0,569.0,train,8.338052908496055E-4,86.41607524879161,0.7695527063870985
570.0,570.0,train,1.3740789737328978E-4,3.6162310748585433,0.21484706378785434
571.0,571.0,train,5.480039535736825E-4,26.02028095837057,0.6188803565709822
572.0,572.0,train,4.1492242611962225E-4,17.762437158670206,0.518274488778758
573.0,573.0,train,2.66522109173777E-4,8.370094557056225,0.37446893245396917
574.0,574.0,train,9.00854722395705E-4,98.67168902122073,0.7952077163971031
575.0,575.0,train,7.332893269895916E-4,57.56293547206647,0.7249484054838462
576.0,576.0,train,6.602760543998462E-4,40.00349500127194,0.6872254311665966
577.0,577.0,train,5.154584928223577E-4,23.121778428731208,0.596408767486158
578.0,578.0,train,2.690702443965922E-4,8.56475804979221,0.37726843045532155
579.0,579.0,train,7.204704630929469E-4,54.11759036216893,0.7186713603732322
580.0,580.0,train,7.461653121423392E-4,61.676447410672154,0.7311124341470687
581.0,581.0,train,6.508596017822164E-4,37.5393815538028,0.6819977929485503
582.0,582.0,train,8.191753487398816E-4,83.16232334260813,0.7635409576478543
583.0,583.0,train,3.143829720014122E-4,11.100165636162954,0.42501017565128485
584.0,584.0,train,6.958955487559803E-4,47.54069136160989,0.7062343558344649
585.0,585.0,train,6.089719444461742E-4,32.37005913317986,0.6576640908599115
586.0,586.0,train,6.541295202535518E-4,38.03083643769968,0.6838229498535766
587.0,587.0,train,2.5909274316271197E-4,7.900353291178357,0.36623464580190634
588.0,588.0,train,8.486545437960058E-4,90.31396733285911,0.7754982974789093
589.0,589.0,train,3.7522713380092455E-4,15.305499697831419,0.4834100569168662
590.0,590.0,train,7.33884185468496E-4,57.93152607513569,0.725236266535061
591.0,591.0,train,7.657474484126734E-4,67.05946172436408,0.7402230900723017
592.0,592.0,train,3.794097917185201E-4,15.514995200140808,0.4871995658612398
593.0,593.0,train,7.869283895712088E-4,72.04801540434579,0.7497303897532077
594.0,594.0,train,5.647881985564149E-4,27.52594845581875,0.6299758280900365
595.0,595.0,train,8.090606213930839E-4,79.81655651164733,0.7592931529077405
596.0,596.0,train,8.481317099154835E-4,90.21436486562423,0.7752915854887145
597.0,597.0,train,5.793896523500499E-4,29.036434857038024,0.639365260142914
598.0,598.0,train,7.773737399469546E-4,69.54277048317726,0.7454855371026811
599.0,599.0,train,7.865452993106021E-4,71.9019877866504,0.7495615642269787
600.0,600.0,train,4.746690799635608E-4,20.510627640399395,0.5663648698717039
601.0,601.0,train,6.689463033324999E-4,41.582065191451996,0.691962781887715
602.0,602.0,train,7.08838229714194E-4,50.5475871132541,0.7128514888933746
603.0,603.0,train,8.085067193401071E-4,79.63794467166352,0.7590583434405168
604.0,604.0,train,8.047633913005056E-4,77.77585952560956,0.7574654605047324
605.0,605.0,train,7.173830804653204E-4,53.16773199790362,0.7171382708966569
606.0,606.0,train,2.133077102170079E-4,6.433081780049788,0.3130418401439806
607.0,607.0,train,2.863025803447037E-4,9.482891949013165,0.39587461102536625
608.0,608.0,train,4.3666024174621187E-4,18.800611023219265,0.5363593595835208
609.0,609.0,train,6.759552264064927E-4,43.11176489841626,0.6957399002025147
610.0,610.0,train,8.07892327488324E-4,79.07053936809095,0.7587976232595317
611.0,611.0,train,1.78878815929698E-4,5.003897141117159,0.27012157601893905
612.0,612.0,train,8.141257616629086E-4,81.50322313705435,0.7614297749314994
613.0,613.0,train,6.238633045627455E-4,33.97322478940312,0.6665211514978149
614.0,614.0,train,7.402941081702695E-4,60.36116795755993,0.7283190769365124
615.0,615.0,train,4.789140315527045E-4,20.947054042004464,0.5695930522389563
616.0,616.0,train,5.314083645186363E-4,24.19731210901393,0.6075825171334605
617.0,617.0,train,8.569810912009742E-4,92.33507969598158,0.7787648390097477
618.0,618.0,train,4.613525322059298E-4,19.792282559600434,0.5560800042899319
619.0,619.0,train,7.351321268500098E-4,58.21612113872887,0.725839185731288
620.0,620.0,train,7.859426726814318E-4,71.57590420467929,0.7492957598593848
621.0,621.0,train,7.504854478232715E-4,62.55333986236151,0.7331494774670031
622.0,622.0,train,8.402797669120694E-4,87.7824424634716,0.7721641835225677
623.0,623.0,train,7.630926621272955E-4,66.27663089082263,0.7390062662119445
624.0,624.0,train,2.646548163421126E-4,8.231357357548507,0.3724094518425428
625.0,625.0,train,6.331415854469347E-4,35.058128639441804,0.6719234247055668
626.0,626.0,train,6.732986623746542E-4,42.44966665833956,0.6943137555531407
627.0,627.0,train,8.289774306242154E-4,85.63380406401802,0.767585927878412
628.0,628.0,train,7.857698149817286E-4,71.49772218153593,0.7492194643588661
629.0,629.0,train,3.268799116433817E-4,12.48384372083599,0.4375207772433992
630.0,630.0,train,2.1274818218395557E-4,6.405731478575807,0.31236490280243767
631.0,631.0,train,6.580624751237334E-4,39.23095357547523,0.6860043195808099
632.0,632.0,train,0.0011723322425457076,100.0,0.8730086456564632
633.0,633.0,train,7.197030617971976E-4,53.88151600675829,0.7182910726702538
634.0,634.0,train,7.879645702371779E-4,72.41393741401302,0.750186458208665
635.0,635.0,train,7.005663816591808E-4,48.279279977199856,0.7086397907977319
636.0,636.0,train,6.729389694229854E-4,42.339577627479386,0.6941201455626667
637.0,637.0,train,1.2631790075877454E-4,3.217240555431659,0.19936909173460438
638.0,638.0,train,7.491966954681521E-4,62.32491582564822,0.7325434215732034
639.0,639.0,train,7.461398138619983E-4,61.6530540034458,0.7311003650772179
640.0,640.0,train,7.662435680769058E-4,67.31965540536937,0.7404498570476268
641.0,641.0,train,6.574361673182897E-4,39.01517371964345,0.6856579550890827
642.0,642.0,train,1.368357249176496E-4,3.5971966896068457,0.21405587089927192
643.0,643.0,train,7.170823135870899E-4,53.06413855212449,0.716988474414878
644.0,644.0,train,5.427128261050601E-4,25.529413302565498,0.6153140715129354
645.0,645.0,train,5.559637676416068E-4,26.63165489409635,0.6241831863756617
646.0,646.0,train,8.094678087945059E-4,79.88443782456373,0.7594656213279536
647.0,647.0,train,8.277434214773203E-4,85.30005060396307,0.7670805281367566
648.0,648.0,train,5.552175193010234E-4,26.493990761055837,0.6236891859705644
649.0,649.0,train,7.342486521351302E-4,58.04658837013942,0.7254124886301422
650.0,650.0,train,5.893795238293442E-4,30.337560378986833,0.6456515871053211
651.0,651.0,train,6.462193767865531E-4,36.86066943362253,0.6793896793363712
652.0,652.0,train,5.655451950199758E-4,27.69346141894493,0.6304685672359431
653.0,653.0,train,5.813294385529132E-4,29.410636956466305,0.6405945735408978
654.0,654.0,train,7.447721946500147E-4,61.23119508231749,0.7304522371830866
655.0,655.0,train,7.7580205336045E-4,69.23288109693897,0.7447804191747878
656.0,656.0,train,7.660825969960545E-4,67.26147327354361,0.7403763018940304
657.0,657.0,train,7.643241866055413E-4,66.60991925418335,0.7395714437826537
658.0,658.0,train,3.4812127920659427E-4,13.53902702163679,0.45816399475072356
659.0,659.0,train,7.316812292883372E-4,57.04987403173075,0.7241687120690434
660.0,660.0,train,8.192050667568141E-4,83.22318641484365,0.763553326996642
661.0,661.0,train,7.793230959342864E-4,70.01000932975357,0.7463573858659402
662.0,662.0,train,7.95139467464829E-4,74.57952549635279,0.7533217246518189
663.0,663.0,train,8.024590307705338E-4,76.87883621501547,0.7564796632960117
664.0,664.0,train,3.5056317982093806E-4,13.736887056898038,0.46048804347421013
665.0,665.0,train,1.7133378794343784E-4,4.688978231461392,0.260363121749409
666.0,666.0,train,8.22264110857207E-4,83.78891637290485,0.7648231191016682
667.0,667.0,train,4.445267625163665E-4,19.089185450326042,0.5427352845902331
668.0,668.0,train,7.098263345459993E-4,50.73967100599661,0.713350504807299
669.0,669.0,train,5.407803711211243E-4,25.226185742963953,0.6140032697964465
670.0,670.0,train,8.842385207092216E-4,97.31305388096631,0.7891292411311628
671.0,671.0,train,7.762891433825928E-4,69.30972645219035,0.7449991547865362
672.0,672.0,train,6.559790578270322E-4,38.445594344624,0.684850656507258
673.0,673.0,train,7.588677598166041E-4,65.01483208337162,0.7370580142384201
674.0,674.0,train,8.240381326647286E-4,84.39189593112198,0.7655563792742275
675.0,675.0,train,6.995015115807336E-4,47.965644522528,0.7080931319174587
676.0,676.0,train,7.006991829318688E-4,48.357851105438826,0.7087078934709197
677.0,677.0,train,7.744110433073078E-4,68.91762594155581,0.7441547301865197
678.0,678.0,train,7.986924186734841E-4,75.63542449805979,0.7548596852730683
679.0,679.0,train,5.719229076683434E-4,28.435905231885325,0.6345939403810548
680.0,680.0,train,7.996978935515211E-4,76.14090620007592,0.7552931803102801
681.0,681.0,train,3.210736870371423E-4,11.927213974053986,0.4317424248405157
682.0,682.0,train,8.008853315274001E-4,76.50432056787619,0.7558041388265614
683.0,683.0,train,6.763940236065523E-4,43.32582503570714,0.6959748221426125
684.0,684.0,train,7.90555535928909E-4,73.14124418709957,0.7513232216191369
685.0,685.0,train,7.315495170641248E-4,57.00865694445734,0.7241047529606848
686.0,686.0,train,3.126117778975188E-4,10.813391648040747,0.4232146733837191
687.0,687.0,train,6.261777206969558E-4,34.17249961658393,0.667876989558274
688.0,688.0,train,8.176819259536106E-4,82.7336045646862,0.7629185253577542
689.0,689.0,train,7.166784798896407E-4,52.77755211484863,0.7167872208918883
690.0,690.0,train,5.790634079234851E-4,28.98505701868213,0.6391580944610344
691.0,691.0,train,8.520153683482059E-4,91.07920192355938,0.7768225289746218
692.0,692.0,train,6.51622051731405E-4,37.71351730658432,0.6824243061816959
693.0,693.0,train,6.050159317447347E-4,31.942247430365082,0.6552718461498592
694.0,694.0,train,8.025857136190721E-4,77.05615742631754,0.7565339617014899
695.0,695.0,train,7.422149363485908E-4,60.88094470247213,0.7292361334371054
696.0,696.0,train,7.212655156348362E-4,54.30878373282297,0.7190648092897692
697.0,697.0,train,8.264967939734667E-4,85.01334623204629,0.7665688444835651
698.0,698.0,train,6.38063309097296E-4,35.76817929858293,0.674753480296997
699.0,699.0,train,5.977983628381353E-4,31.04872757170452,0.6508641474061313
700.0,700.0,train,6.954908013297354E-4,47.368985235724445,0.7060249820694919
701.0,701.0,train,8.288528270648049E-4,85.58965661911105,0.7675349451655784
702.0,702.0,train,8.035345702842713E-4,77.5381152075283,0.7569402729105508
703.0,703.0,train,6.17039500205596E-4,33.253427979059275,0.6624913073653353
704.0,704.0,train,6.855232155134487E-4,44.960709767155706,0.7008214475705223
705.0,705.0,train,6.273890536830168E-4,34.25609669563907,0.6685844171820883
706.0,706.0,train,6.95681828719118E-4,47.45002484423589,0.7061238181450515
707.0,707.0,train,7.32121661481649E-4,57.17973942959203,0.7243824771119163
708.0,708.0,train,8.487530314454623E-4,90.44825861357756,0.7755372150931517
709.0,709.0,train,2.223998989170564E-4,6.677594380598336,0.3239489679511126
710.0,710.0,train,8.494135230602705E-4,90.65118161833647,0.7757980355529187
711.0,711.0,train,8.166233325787355E-4,82.25715032581317,0.7624763302487141
712.0,712.0,train,3.600271576935984E-4,14.163974801836275,0.46940147102888896
713.0,713.0,train,2.514197823781493E-4,7.603898744675492,0.35761657349464226
714.0,714.0,train,6.92588297545023E-4,46.58184306154467,0.7045191533000235
715.0,715.0,train,3.2574458855510037E-4,12.386533735441196,0.43639554430518224
716.0,716.0,train,7.62491416392237E-4,66.00441467911249,0.7387298940009339
717.0,717.0,train,6.384037456252159E-4,35.82054881036054,0.674948330620641
718.0,718.0,train,8.820993313242394E-4,97.10957911924133,0.7883336938783834
719.0,719.0,train,7.040781565393229E-4,48.99001973594147,0.7104353416111236
720.0,720.0,train,6.783867827619453E-4,43.762578153329436,0.6970394193353062
721.0,721.0,train,4.956182469585478E-4,21.76819086330878,0.5820645443074771
722.0,722.0,train,5.559999621782743E-4,26.640303359102614,0.6242071298867351
723.0,723.0,train,6.310075314796645E-4,34.752358002994285,0.670688674687824
724.0,724.0,train,7.252261240009442E-4,55.010137962219446,0.7210166189423879
725.0,725.0,train,7.852475070974644E-4,71.26162613221962,0.7489887883053272
726.0,726.0,train,5.345722923337008E-4,24.50510077509875,0.609761975298015
727.0,727.0,train,5.495397154425265E-4,26.10597499996095,0.6199092745561805
728.0,728.0,train,4.699060971241205E-4,20.23499402840274,0.5627139038132705
729.0,729.0,train,4.922192366752696E-4,21.521168081341266,0.579556449060973
730.0,730.0,train,8.693966588361382E-4,94.97213950980306,0.7835474612988517
731.0,731.0,train,8.260900163053124E-4,84.91721038298316,0.7664016377120468
732.0,732.0,train,7.170730921547821E-4,53.05770643317074,0.7169838804415141
733.0,733.0,train,1.001412865906847E-4,2.5283045587223034,0.16161426772989118
734.0,734.0,train,6.946680863960755E-4,47.0608156779897,0.7055989358047909
735.0,735.0,train,7.616734963276456E-4,65.70729740489143,0.7383534540515941
736.0,736.0,train,5.646653290914103E-4,27.49394749187146,0.6298957887549408
737.0,737.0,train,8.515193899000477E-4,90.98893222511445,0.7766275960506159
738.0,738.0,train,9.253020050366198E-5,2.322647787458156,0.15030627632145876
739.0,739.0,train,7.64104393183613E-4,66.53091667395253,0.7394706648502255
740.0,740.0,train,7.984904313789647E-4,75.5405232264301,0.7547725089706431
741.0,741.0,train,6.88033876715245E-4,45.533216473471256,0.7021407418756117
742.0,742.0,train,8.208017354122435E-4,83.47621077332643,0.7642169482426058
743.0,743.0,train,7.265947437001851E-4,55.58310409239147,0.7216879249381247
744.0,744.0,train,5.476462200196824E-4,25.990217325581373,0.6186402852948064
745.0,745.0,train,5.335521555784161E-4,24.395572444241118,0.609060583926291
746.0,746.0,train,8.403029092367641E-4,87.79995486663536,0.7721734646893542
747.0,747.0,train,7.12546001556968E-4,51.443382261611305,0.7147195261079846
748.0,748.0,train,3.570355037489556E-4,14.012130367110364,0.46659988557660437
749.0,749.0,train,1.6482372783930646E-4,4.49891752688338,0.2518384673053402
750.0,750.0,train,8.58655790290859E-4,92.88695785735219,0.7794160675080236
751.0,751.0,train,7.601120076445558E-4,65.28065048379621,0.7376332869288993
752.0,752.0,train,4.6555545578424345E-4,20.09696263590551,0.559352153554814
753.0,753.0,train,8.846388986055009E-4,97.57838528064492,0.7892778059116461
754.0,754.0,train,8.557248261003331E-4,92.017854251249,0.7782750622510154
755.0,755.0,train,3.2591668183487305E-4,12.40128406925725,0.4365662527449382
756.0,756.0,train,7.698185039093612E-4,68.07202646300357,0.7420780512256726
757.0,757.0,train,6.525863804803697E-4,37.85264372587924,0.6829629308746084
758.0,758.0,train,7.016152108555983E-4,48.61007017052053,0.7091772142424331
759.0,759.0,train,8.120918675496752E-4,80.45117998373364,0.7605741081123173
760.0,760.0,train,6.753895856593959E-4,42.835534392227885,0.6954368013010293
761.0,761.0,train,1.6949516721046968E-4,4.6356010883048615,0.2579654146016207
762.0,762.0,train,7.029543882727461E-4,48.80086473587208,0.709861972381392
763.0,763.0,train,7.698131814759094E-4,68.07048237031991,0.7420756347467079
764.0,764.0,train,8.483605182828838E-4,90.25795400314203,0.7753820724958024
765.0,765.0,train,4.314171501040924E-4,18.582484182610443,0.5320604624585681
766.0,766.0,train,6.573007547232138E-4,38.97913406359374,0.6855830181862861
767.0,767.0,train,4.524728601664436E-4,19.462623843169947,0.5490866960894047
768.0,768.0,train,7.766371625043918E-4,69.3845042835698,0.7451553235420467
769.0,769.0,train,8.015861517915136E-4,76.65761496580349,0.7561052033194161
770.0,770.0,train,6.7624737213442E-4,43.28117631405213,0.6958963285009296
771.0,771.0,train,7.327872291776487E-4,57.39221351431119,0.7247051980333947
772.0,772.0,train,8.608749188660526E-4,93.30498204853792,0.7802760523943397
773.0,773.0,train,8.075327173453485E-4,78.858817652916,0.75864489006922
774.0,774.0,train,5.78078509879748E-4,28.885220757346797,0.6385319605756263
775.0,775.0,train,7.123415552679032E-4,51.303315183558695,0.7146168399577308
776.0,776.0,train,6.145460658847533E-4,33.06971628300119,0.6610066754957179
777.0,777.0,train,1.9453444831434505E-6,0.015203003800710359,0.003418499992870694
778.0,778.0,train,7.041546567568312E-4,49.00289641085612,0.7104743323465333
779.0,779.0,train,6.771361174737878E-4,43.551743233029676,0.6963717094491222
780.0,780.0,train,6.927318706712739E-4,46.66270524071876,0.7045938205328421
781.0,781.0,train,5.890945327857558E-4,30.29548288081289,0.6454737783727634
782.0,782.0,train,8.056074479755603E-4,78.2012293510829,0.7578255455247058
783.0,783.0,train,6.8958317087833E-4,45.80919383905246,0.702951955736561
784.0,784.0,train,3.675526306911494E-4,14.713420897299043,0.47638393849583716
785.0,785.0,train,6.068748934570306E-4,32.135454679742445,0.6563980558529992
786.0,786.0,train,8.842653239923615E-4,97.33056235073273,0.7891391900652311
787.0,787.0,train,8.030340732945604E-4,77.21392459723018,0.756726038986376
788.0,788.0,train,8.6892337524517E-4,94.77495904847655,0.7833670567453759
789.0,789.0,train,7.962661178970403E-4,74.84811499183756,0.7538104579775882
790.0,790.0,train,7.584870567585118E-4,64.78165780416921,0.7368817459144343
791.0,791.0,train,2.983140797716376E-4,10.169294393117385,0.4085139267709088
792.0,792.0,train,9.727338574531167E-5,2.451967424916857,0.15737112986276924
793.0,793.0,train,3.2153367990886937E-4,11.981931918094833,0.43220236672727397
794.0,794.0,train,4.0835902000574566E-4,17.403894120189808,0.5126766216996064
795.0,795.0,train,8.378274442804926E-4,86.85918024082797,0.7711785402523657
796.0,796.0,train,8.238135684471394E-4,84.33861057906249,0.7654636862056423
797.0,797.0,train,8.43756071265712E-4,89.04535977049696,0.7735541173540859
798.0,798.0,train,8.128327365610087E-4,80.7710998637549,0.7608861492317317
799.0,799.0,train,3.9256957107346884E-4,16.544644332656556,0.49894202192492254
800.0,800.0,train,6.617823845612584E-4,40.41867113871728,0.6880536753525637
801.0,801.0,train,8.385727676675902E-4,87.07229093515903,0.7714785525673247
802.0,802.0,train,5.146076053582817E-4,23.032855809087675,0.5958038145682472
803.0,803.0,train,3.112423759823741E-5,0.8600659551455986,0.05331366452470909
804.0,804.0,train,5.454001896060547E-4,25.801462782336436,0.6171295384476984
805.0,805.0,train,8.460792624908274E-4,89.89343974799041,0.7744782708589497
806.0,806.0,train,7.850741875347413E-4,71.23219297883605,0.7489121952490789
807.0,807.0,train,5.801233059570656E-4,29.300824553876357,0.6398306968785872
808.0,808.0,train,7.837324002562724E-4,70.99841147524099,0.7483184437499637
809.0,809.0,train,7.400585941505362E-4,60.28904239225487,0.7282064224795974
810.0,810.0,train,8.056909178142886E-4,78.24265628662411,0.7578611257294071
811.0,811.0,train,4.938653401486757E-4,21.640791460041147,0.5807729661501005
812.0,812.0,train,9.184998293005832E-4,99.28579140525028,0.8014708706491175
813.0,813.0,train,6.757704409675195E-4,43.00594749955931,0.6956409160140599
814.0,814.0,train,8.572373600070977E-4,92.53546409180717,0.7788646169160675
815.0,815.0,train,7.244488937283638E-4,54.79257719433119,0.7206346679816178
816.0,816.0,train,2.809174631956498E-4,9.141820968983017,0.39012067906064374
817.0,817.0,train,4.1865025716707974E-4,17.943796622943108,0.5214252403489374
818.0,818.0,train,7.940090547429957E-4,74.02622440286312,0.752830384173695
819.0,819.0,train,7.55912348211427E-4,64.29779916063364,0.7356865309385263
820.0,820.0,train,7.292687453670894E-4,56.31898708839845,0.7229948613418785
821.0,821.0,train,6.33096722655116E-4,35.05267622405871,0.6718975150815636
822.0,822.0,train,5.650811371298517E-4,27.59077175528242,0.6301665836180478
823.0,823.0,train,7.993964301718024E-4,75.99473427869405,0.7551632895328562
824.0,824.0,train,6.620086950506879E-4,40.50041505095985,0.6881779208038352
825.0,825.0,train,4.926374678473059E-4,21.551561204668488,0.5798658678500882
826.0,826.0,train,8.312074818133311E-5,2.0758501919264747,0.13611534696909855
827.0,827.0,train,8.912751919273997E-4,98.10091423680532,0.7917250884137023
828.0,828.0,train,8.222922085423726E-4,83.79691535625328,0.7648347506323606
829.0,829.0,train,7.863085015621412E-4,71.81158191102142,0.7494571519633944
830.0,830.0,train,3.501341647486029E-4,13.70212522554371,0.4600804567175871
831.0,831.0,train,5.411898433268214E-4,25.287678209939163,0.6142813909289648
832.0,832.0,train,7.455136880739952E-4,61.39626327913,0.7308038316892608
833.0,833.0,train,5.646398112628903E-4,27.487299836594996,0.629879163820614
834.0,834.0,train,1.9000696576177616E-4,5.345732296992897,0.2842798152569955
835.0,835.0,train,5.267409570929667E-4,23.716822031934207,0.6043451511624756
836.0,836.0,train,7.777562528544905E-4,69.62708689381851,0.7456568518697938
837.0,837.0,train,8.0377817511644E-4,77.5854954581886,0.7570444778331562
838.0,838.0,train,6.617256361404426E-4,40.39817346782821,0.6880225124581332
839.0,839.0,train,6.506580926224521E-4,37.49128496134743,0.6818849733898709
840.0,840.0,train,6.484053981673347E-4,37.14558852141794,0.6806210222879117
841.0,841.0,train,6.136957965241138E-4,33.0069735232872,0.6604989193757052
842.0,842.0,train,6.783278697925799E-4,43.7550359038293,0.6970079996378056
843.0,843.0,train,9.84411568053596E-5,2.483805888402133,0.15910146486533605
844.0,844.0,train,8.104041100669044E-4,80.04053617532976,0.759861732754543
845.0,845.0,train,7.602907315088104E-4,65.31881771657741,0.7377158157059702
846.0,846.0,train,7.511771286618401E-4,62.73720840704028,0.7334741846407803
847.0,847.0,train,7.920609566134336E-4,73.70001094295547,0.7519813342841376
848.0,848.0,train,8.552141259142418E-4,91.96336355004716,0.7780756470660399
849.0,849.0,train,6.925654314816325E-4,46.56896460884832,0.7045072597385582
850.0,850.0,train,8.488411738172878E-4,90.5687120022764,0.7755720390271893
851.0,851.0,train,8.715543012258396E-4,95.53246481185953,0.7843680019757115
852.0,852.0,train,5.615353487465759E-4,27.080227700686795,0.6278510160708186
853.0,853.0,train,7.048934569529869E-4,49.29396626737739,0.7108506149568101
854.0,854.0,train,4.437961821490516E-4,19.052240986986316,0.5421468510512131
855.0,855.0,train,8.445357201700577E-4,89.34724028416647,0.7738646791039512
856.0,856.0,train,6.71033920528668E-4,42.068959292548044,0.6930926786745628
857.0,857.0,train,5.925261378118375E-4,30.62630192379719,0.647608872677675
858.0,858.0,train,1.1189399247340609E-4,2.824581709346575,0.17878068139859704
859.0,859.0,train,6.747883317993583E-4,42.72431219421232,0.6951142880304126
860.0,860.0,train,4.2819170983708654E-4,18.431718087412115,0.5293960916586298
861.0,861.0,train,3.150760927985118E-4,11.254753140471065,0.42571128639160716
862.0,862.0,train,5.831542343898561E-4,29.59632039472331,0.6417471879120897
863.0,863.0,train,7.287958819774068E-4,56.14017534558892,0.72276419367663
864.0,864.0,train,3.807195937873832E-4,15.614438525607554,0.48838052789526565
865.0,865.0,train,9.149051795188856E-4,99.16450052154205,0.800210674898281
866.0,866.0,train,6.970134035278855E-4,47.71308028836789,0.706811842037115
867.0,867.0,train,6.531528396158017E-4,37.918055097701995,0.6832788999410286
868.0,868.0,train,4.971619870237418E-4,21.97138183582868,0.5831987083870012
869.0,869.0,train,8.222810270327051E-4,83.79383538421953,0.7648301219187945
870.0,870.0,train,7.595039006886871E-4,65.15078668615888,0.7373522886806503
871.0,871.0,train,7.375894354492044E-4,59.254818437050396,0.7270225231026355
872.0,872.0,train,7.375248330618423E-4,59.219723329104745,0.7269914787563095
873.0,873.0,train,2.6561388740386225E-4,8.292808331368128,0.3734680791198347
874.0,874.0,train,7.067409171896143E-4,50.07037086369549,0.711789416582294
875.0,875.0,train,8.526234636311965E-4,91.33501733905881,0.7770612947150218
876.0,876.0,train,6.578696606196821E-4,39.164523801608695,0.6858977288303585
877.0,877.0,train,8.776037294671046E-4,96.4567137352427,0.7866520208827833
878.0,878.0,train,8.122404982610771E-4,80.48521916729067,0.760636741413426
879.0,879.0,train,8.231766103281147E-4,84.04052582100111,0.7652005704167277
880.0,880.0,train,2.9956911767556755E-4,10.243313554868935,0.40981920823483864
881.0,881.0,train,9.93493349296824E-4,99.58610265560779,0.8260224906763827
882.0,882.0,train,7.530789325183172E-4,63.27631246534095,0.7343649446346209
883.0,883.0,train,8.615308086684257E-4,93.69559358895,0.780529588626035
884.0,884.0,train,6.951491111464053E-4,47.230521977429476,0.705848111332796
885.0,885.0,train,7.610942043294694E-4,65.57829777982826,0.7380865123489642
886.0,886.0,train,8.113607149689635E-4,80.28372532809568,0.7602657601517849
887.0,887.0,train,5.590190991065584E-4,26.920880480552864,0.6261989965529293
888.0,888.0,train,8.526028728153114E-4,91.3263386866751,0.7770532140083241
889.0,889.0,train,8.191226902045527E-4,83.0550534704732,0.7635190383179593
890.0,890.0,train,5.887813027698997E-4,30.253246933123734,0.6452782481422032
891.0,891.0,train,7.321522988239878E-4,57.18877312584008,0.7243973408706315
892.0,892.0,train,8.276545138448659E-4,85.27842096698694,0.767044072786964
893.0,893.0,train,8.384395905372278E-4,87.02703268900714,0.7714249741391555
894.0,894.0,train,7.884026473446218E-4,72.60431928919546,0.7503790250640987
895.0,895.0,train,8.001688281769149E-4,76.3159217768356,0.7554959528501157
896.0,896.0,train,1.6692690078119258E-4,4.561041543532227,0.25460317444243297
897.0,897.0,train,3.372872500054175E-4,12.934004001683501,0.44773150198548484
898.0,898.0,train,7.941052950900159E-4,74.06739304677897,0.7528722536876529
899.0,899.0,train,7.862217673014645E-4,71.755690245142,0.7494188969562305
900.0,900.0,train,3.696975077297678E-4,14.865419995397511,0.47835717073163864
901.0,901.0,train,6.521559185126812E-4,37.80293650771857,0.6827226098181786
902.0,902.0,train,8.190523598436473E-4,83.04174033075333,0.7634897598495006
903.0,903.0,train,8.569058824998337E-4,92.27471559462974,0.7787355480615816
904.0,904.0,train,8.074795949738066E-4,78.82766539863543,0.7586223198019573
905.0,905.0,train,6.864468458205864E-4,45.22774197137272,0.7013074719712038
906.0,906.0,train,8.596633291524721E-4,93.04692939914082,0.7798069381560766
907.0,907.0,train,5.564641982347189E-4,26.75122974906277,0.6245140973954774
908.0,908.0,train,7.899971164131512E-4,73.01443544238933,0.7510786580683729
909.0,909.0,train,5.19199249471259E-4,23.39501579293865,0.599057600242834
910.0,910.0,train,8.620438555609117E-4,93.82180560528586,0.7807277045524303
911.0,911.0,train,6.972531434079902E-4,47.75001706139734,0.7069355442636528
912.0,912.0,train,7.543820701813151E-4,63.73160647120751,0.7349735841015186
913.0,913.0,train,4.7805087180199365E-4,20.79467532947092,0.5689385925922281
914.0,914.0,train,5.409287760516425E-4,25.247438592913106,0.6141040923455503
915.0,915.0,train,6.736194153450282E-4,42.5430928439358,0.6944863021615824
916.0,916.0,train,3.669763764832342E-4,14.67653029782287,0.4758525284026832
917.0,917.0,train,7.385787579359214E-4,59.549843712213935,0.7274974962248582
918.0,918.0,train,5.393291277567315E-4,25.02542447900506,0.6130159424684446
919.0,919.0,train,6.314626896069473E-4,34.82009497716337,0.6709524155632235
920.0,920.0,train,1.642917803633339E-4,4.47823406525252,0.2511375772174337
921.0,921.0,train,3.6386773672595317E-4,14.444573427384212,0.4729764870564084
922.0,922.0,train,9.115114612348857E-4,99.04998948021087,0.7990135805687693
923.0,923.0,train,7.641368397867706E-4,66.53856846834877,0.7394855446096282
924.0,924.0,train,6.867948512946328E-4,45.30291287557631,0.7014903914107025
925.0,925.0,train,7.704139820289906E-4,68.27349093988087,0.7423482659165686
926.0,926.0,train,8.160609147788287E-4,82.0739135509775,0.7622410619612079
927.0,927.0,train,6.44541811478869E-4,36.576509641607174,0.6784415212156085
928.0,928.0,train,7.215266108074923E-4,54.48107091285709,0.7191938978126946
929.0,929.0,train,8.057324933079395E-4,78.26318408714054,0.7578788459239214
930.0,930.0,train,8.609666198592771E-4,93.50554644815523,0.7803115173012531
931.0,931.0,train,7.177066985182653E-4,53.27919609733545,0.7172993598209358
932.0,932.0,train,5.989110449501225E-4,31.200927237624803,0.6515473079175449
933.0,933.0,train,8.73325004977768E-4,95.97071128734638,0.785039067455024
934.0,934.0,train,7.15892281999273E-4,52.56231393309743,0.7163950027172523
935.0,935.0,train,8.720404707093167E-4,95.68208680800474,0.7845524599880925
936.0,936.0,train,7.838612035210571E-4,71.02620385697556,0.7483755010835234
937.0,937.0,train,7.392618879582919E-4,59.91331443521725,0.7278249840947192
938.0,938.0,train,6.646873210456897E-4,40.89322118365445,0.6896447444689078
939.0,939.0,train,8.748863443217649E-4,96.1623402588369,0.7856290546876147
940.0,940.0,train,5.529339518047677E-4,26.295367240793336,0.622173475820061
941.0,941.0,train,2.2913416786295892E-4,6.852295490215509,0.33191571103580975
942.0,942.0,train,4.768722666606874E-4,20.695680452580152,0.5680433504756186
943.0,943.0,train,7.482557873332317E-4,62.172926687460645,0.7321000757169822
944.0,944.0,train,6.852364948389856E-4,44.87413707661715,0.700670411210705
945.0,945.0,train,6.674815992696368E-4,41.26402378164079,0.6911675468412326
946.0,946.0,train,7.96173179245298E-4,74.8182251946895,0.7537701784900322
947.0,947.0,train,8.348658481782365E-4,86.57334142264519,0.7699825226853424
948.0,948.0,train,1.6284678750328886E-4,4.422049092623475,0.24923034912617192
949.0,949.0,train,6.620975361328958E-4,40.532504671047064,0.688226681420347
950.0,950.0,train,2.807454722600901E-4,9.130652461726283,0.3899360085060164
951.0,951.0,train,7.13120527155435E-4,51.775538898579086,0.7150078922622491
952.0,952.0,train,6.122738522615162E-4,32.6786820350766,0.6596480756211744
953.0,953.0,train,7.784334561166136E-4,69.77638299377121,0.7459598658723334
954.0,954.0,train,3.073737607322938E-4,10.519242664371609,0.41787189346835296
955.0,955.0,train,8.759431583837282E-4,96.25674830751684,0.7860274764524411
956.0,956.0,train,5.374952174232277E-4,24.840482147085286,0.6117646616185716
957.0,957.0,train,4.508293253240423E-4,19.38981805910594,0.5477802761970338
958.0,958.0,train,3.237854253224328E-4,12.211538434856072,0.43444849670249597
959.0,959.0,train,5.678423999137089E-4,28.081750922640058,0.6319598354898512
960.0,960.0,train,7.1461047830152E-4,52.06167675972726,0.7157543718036565
961.0,961.0,train,7.940022681036223E-4,74.02332128843767,0.7528274313678486
962.0,962.0,train,8.26890011630197E-4,85.10375333822833,0.7667303636180016
963.0,963.0,train,8.032721171993334E-4,77.29759344182695,0.7568279554036387
964.0,964.0,train,3.001123165682297E-4,10.27534210103219,0.4103832597543726
965.0,965.0,train,6.952402365862383E-4,47.2626880770531,0.705895291436416
966.0,966.0,train,8.342305951983977E-4,86.52489007483581,0.7697251675539423
967.0,967.0,train,7.044964324335921E-4,49.13045917507803,0.7106484649257476
968.0,968.0,train,3.927696133227198E-4,16.560878141528697,0.49911842887505864
969.0,969.0,train,8.28675546020572E-4,85.52689573495815,0.7674623896910191
970.0,970.0,train,7.371719134983094E-4,59.02189046754003,0.7268218227317598
971.0,971.0,train,8.047837991792586E-4,77.77980274829478,0.7574741730711771
972.0,972.0,train,8.128515971705844E-4,80.80905108560859,0.7608940876813399
973.0,973.0,train,4.29855193483349E-4,18.515802563013693,0.5307720991951337
974.0,974.0,train,6.421335327426879E-4,36.28006094158158,0.6770754604238095
975.0,975.0,train,5.835243064754611E-4,29.64523346036918,0.6419804890891097
976.0,976.0,train,6.644006946846106E-4,40.85012392377831,0.6894881172480714
977.0,977.0,train,5.685303918475196E-4,28.152775348828502,0.6324052845569887
978.0,978.0,train,7.722904754688309E-4,68.50404617940407,0.7431979265340394
979.0,979.0,train,6.134676108584906E-4,32.881983932063726,0.6603625241440565
980.0,980.0,train,8.724292398223638E-4,95.81968931597056,0.7846998496903679
981.0,981.0,train,5.566493313447502E-4,26.795404554246375,0.624636443293412
982.0,982.0,train,8.445005377217614E-4,89.32432298100102,0.7738506738705453
983.0,983.0,train,7.330020253573055E-4,57.46519617671427,0.7248092678779345
984.0,984.0,train,6.830342419904127E-4,44.29973387383293,0.6995077817203059
985.0,985.0,train,7.129097024200672E-4,51.66336849680339,0.7149021088849543
986.0,986.0,train,8.579625278731297E-4,92.76470622354387,0.7791467162580731
987.0,987.0,train,5.554853624490677E-4,26.517342875006374,0.6238665670551584
988.0,988.0,train,8.451914420959698E-4,89.70304782239012,0.7741255465768351
989.0,989.0,train,7.444483958995977E-4,61.20391560680668,0.7302985572658558
990.0,990.0,train,3.824687904920762E-4,15.747241749350458,0.48995342283925714
991.0,991.0,train,7.389797051869016E-4,59.77137367361549,0.7276897553363133
992.0,992.0,train,1.1077361885953925E-4,2.797434534382052,0.1771594955839355
993.0,993.0,train,6.594217125884994E-4,39.76188530110793,0.6867547008781154
994.0,994.0,train,7.537602446593209E-4,63.50249919901865,0.7346833303390181
995.0,995.0,train,6.275275743603246E-4,34.265656349462525,0.6686652182362711
996.0,996.0,train,5.874331207106055E-4,30.07145801108773,0.6444354292947192
997.0,997.0,train,5.427403687232734E-4,25.53221144937032,0.6153327217105413
998.0,998.0,train,6.911071948274782E-4,46.32140496246407,0.7037477824602878
999.0,999.0,train,7.294096550669554E-4,56.349543819996725,0.7230635614306469
1000.0,1000.0,train,8.128773928624477E-4,80.8614739846488,0.760904944687353
1001.0,1001.0,train,8.473185823879879E-4,90.05948361341486,0.7749697223146997
1002.0,1002.0,train,4.239511694342658E-4,18.21601697958732,0.5258701015240643
1003.0,1003.0,train,5.100012683562724E-4,22.671933829785495,0.5925130843436969
1004.0,1004.0,train,2.1933771955041893E-4,6.611024616953427,0.3202950098437991
1005.0,1005.0,train,3.1359207108181E-4,10.956236697325775,0.4242091119886272
1006.0,1006.0,train,5.434315810928768E-4,25.60218311781038,0.615800473014097
1007.0,1007.0,train,5.758119606221286E-4,28.700970424834026,0.6370869062864586
1008.0,1008.0,train,8.132991268748396E-4,81.21105569282751,0.7610823760841937
1009.0,1009.0,train,3.792373910007264E-4,15.501906122716202,0.4870439206378625
1010.0,1010.0,train,7.85083727163112E-4,71.23381299991529,0.7489164115914887
1011.0,1011.0,train,4.6069006526512006E-5,1.228833851517323,0.07789343269769056
1012.0,1012.0,train,7.150703473495253E-4,52.238445251962325,0.7159843754112468
1013.0,1013.0,train,4.366371059256861E-4,18.79980817313775,0.5363404771619222
1014.0,1014.0,train,6.613369564530548E-4,40.26110131281602,0.687808988740838
1015.0,1015.0,train,7.064169025244118E-4,49.93919931790228,0.7116249866446082
1016.0,1016.0,train,7.043119006791725E-4,49.054436307350926,0.7105544601577455
1017.0,1017.0,train,7.302802638954681E-4,56.53815095193832,0.7234876463931252
1018.0,1018.0,train,2.764146970047988E-4,8.913028767927637,0.3852674809008888
1019.0,1019.0,train,8.923198486374097E-4,98.2033816154135,0.7921077313944423
1020.0,1020.0,train,8.247298274343632E-4,84.5599624268656,0.7658416590521188
1021.0,1021.0,train,5.187484202659097E-4,23.37289781488821,0.5987392913239659
1022.0,1022.0,train,6.499717214054324E-4,37.31390856770287,0.6815003921674736
1023.0,1023.0,train,3.9178780267659413E-4,16.483904134069903,0.49825202462315754
1024.0,1024.0,train,7.994343369244889E-4,76.01518478724745,0.7551796261101259
1025.0,1025.0,train,2.9770721314791634E-4,10.13350283762557,0.4078817300934138
1026.0,1026.0,train,8.293784883762459E-4,85.7758098674876,0.7677499485125816
1027.0,1027.0,train,8.076590335122519E-4,78.93310762696213,0.7586985499368768
1028.0,1028.0,train,8.603964950121421E-4,93.20308406966558,0.7800909314542596
1029.0,1029.0,train,6.46840697818281E-4,36.950682329059575,0.6797401393905551
1030.0,1030.0,train,8.649350921066562E-4,94.13922544637488,0.7818408326662928
1031.0,1031.0,train,8.699947422144599E-4,95.19032510242923,0.7837752217257066
1032.0,1032.0,train,4.850127495876292E-4,21.276912494974862,0.574188958681197
1033.0,1033.0,train,1.838714209204242E-4,5.157954046392643,0.2765079330860154
1034.0,1034.0,train,7.247839644733806E-4,54.88635589868396,0.7207993944524771
1035.0,1035.0,train,4.107650437021958E-4,17.507248090012503,0.5147362091377414
1036.0,1036.0,train,4.0480811435675106E-4,17.236474124486328,0.509621019393024
1037.0,1037.0,train,1.5117341056979563E-4,3.9753141616542482,0.23364360739975842
1038.0,1038.0,train,5.10585132851349E-4,22.776316134809132,0.5929316706533307
1039.0,1039.0,train,5.413001652092884E-4,25.30518902546375,0.6143562893271841
1040.0,1040.0,train,4.5887713976765676E-4,19.69066122919937,0.554141450975714
1041.0,1041.0,train,7.643934452588246E-4,66.63630491648964,0.7396031919466959
1042.0,1042.0,train,1.2598039379586485E-4,3.206892915075189,0.198893289423545
1043.0,1043.0,train,8.656972693145449E-4,94.25422037982318,0.7821333290933359
1044.0,1044.0,train,8.145876886676183E-4,81.6532919514635,0.7616236828213445
1045.0,1045.0,train,6.582184041871854E-4,39.28663529086149,0.6860904930517381
1046.0,1046.0,train,7.060180783303691E-4,49.77058229778429,0.7114224637982396
1047.0,1047.0,train,7.153366413447618E-4,52.342659213418294,0.7161174773142263
1048.0,1048.0,train,7.261007160586225E-4,55.30033258763392,0.7214457915982805
1049.0,1049.0,train,6.885732489263156E-4,45.6292193275058,0.702423409429267
1050.0,1050.0,train,7.858368289326347E-4,71.52803200441144,0.7492490455649199
1051.0,1051.0,train,4.783328418408834E-4,20.842972340159342,0.5691524955421026
1052.0,1052.0,train,7.258585097937987E-4,55.2199671696353,0.7213270042674482
1053.0,1053.0,train,5.79490414780225E-4,29.07275834091735,0.639429220388287
1054.0,1054.0,train,2.1497589934933628E-4,6.514624567880997,0.3150561233120166
1055.0,1055.0,train,7.05980001261951E-4,49.74422766346056,0.7114031208342532
1056.0,1056.0,train,5.355561336086255E-4,24.622047940325896,0.6104372197994854
1057.0,1057.0,train,2.7093376775593885E-4,8.677488905531192,0.3793078475133962
1058.0,1058.0,train,3.34100330416773E-4,12.792022419718974,0.44462463572146427
1059.0,1059.0,train,8.175595517457318E-4,82.6687682660968,0.7628674493747523
1060.0,1060.0,train,3.605447921913833E-4,14.191224251450391,0.46988472324126895
1061.0,1061.0,train,7.619801607740192E-4,65.77562311515639,0.7384946569667462
1062.0,1062.0,train,7.394778712931565E-4,60.0219449993527,0.7279284431212124
1063.0,1063.0,train,7.141650939200092E-5,1.8005843880227759,0.11813231603934649
1064.0,1064.0,train,8.786754464525373E-4,96.5909624738025,0.7870541277601071
1065.0,1065.0,train,7.882902745986316E-4,72.54812339611435,0.7503296432016071
1066.0,1066.0,train,7.887077957014942E-4,72.75691931943915,0.750513072317241
1067.0,1067.0,train,8.643821043056796E-4,94.06375031963965,0.7816283698897875
1068.0,1068.0,train,8.681766878817481E-4,94.62095366644722,0.7830821313298608
1069.0,1069.0,train,7.887808057008483E-4,72.77155950856479,0.7505451338791378
1070.0,1070.0,train,7.989900731414049E-4,75.77527896241209,0.7549880943776519
1071.0,1071.0,train,8.124832408679047E-4,80.56227293972782,0.7607389984400298
1072.0,1072.0,train,2.0981748983272858E-4,6.26247624452384,0.30880833231740257
1073.0,1073.0,train,3.31559468702117E-4,12.68735518321414,0.4421350810619674
1074.0,1074.0,train,7.006147093053513E-4,48.309573072613425,0.7086645758508321
1075.0,1075.0,train,3.697609905961544E-4,14.870107133684709,0.4784154599118139
1076.0,1076.0,train,5.0161701691079756E-5,1.3225769124460187,0.08451269363372049
1077.0,1077.0,train,8.807258174660116E-4,96.89949541857415,0.7878213136795005
1078.0,1078.0,train,2.326593671254724E-4,6.962579038720342,0.3360485700953857
1079.0,1079.0,train,7.462738310855848E-4,61.776008157403986,0.7311637932274652
1080.0,1080.0,train,8.532913469816914E-4,91.7380162178004,0.7773232416177678
1081.0,1081.0,train,7.072228908474736E-4,50.178957646392135,0.7120338336071267
1082.0,1082.0,train,8.720221710407265E-4,95.67560765587035,0.7845455197526757
1083.0,1083.0,train,2.6137244383521625E-4,8.047789125129775,0.36877279800686336
1084.0,1084.0,train,7.802298316188535E-4,70.32184473405198,0.7467619047739567
1085.0,1085.0,train,8.511190930593647E-4,90.91614789307219,0.776470144427392
1086.0,1086.0,train,3.8309994355489185E-4,15.803461544282285,0.49051977393428314
1087.0,1087.0,train,8.048552544140295E-4,77.81716915093924,0.7575046763956669
1088.0,1088.0,train,7.250796670547982E-4,54.96913320291689,0.7209446861808462
1089.0,1089.0,train,4.975058769095612E-4,22.016645492525072,0.5834509399668069
1090.0,1090.0,train,4.7658047535728315E-4,20.671171952535527,0.5678214253419591
1091.0,1091.0,train,7.086160297650353E-4,50.496619605313164,0.7127391531655116
1092.0,1092.0,train,7.580584865286988E-4,64.69760404444929,0.7366831733479786
1093.0,1093.0,train,6.39723692993178E-4,36.023596936995645,0.6757027051533615
1094.0,1094.0,train,4.7023061547902905E-4,20.245289917426817,0.5629636295709266
1095.0,1095.0,train,7.874600164143869E-4,72.22563139350528,0.7499644859015824
1096.0,1096.0,train,8.124245431937712E-4,80.52736886291969,0.760714275638121
1097.0,1097.0,train,6.562178862640134E-4,38.597097692161846,0.6849831192061516
1098.0,1098.0,train,3.155725406839493E-4,11.366882433059608,0.4262129315681845
1099.0,1099.0,train,7.23944235404257E-4,54.74200923891966,0.7203863859385701
1100.0,1100.0,train,8.214325476188758E-4,83.54716849033127,0.7644786182920313
1101.0,1101.0,train,6.422169325488424E-4,36.28986148160844,0.6771228646055912
1102.0,1102.0,train,6.843850095580295E-4,44.68249581129275,0.7002214231941026
1103.0,1103.0,train,4.748386305495067E-4,20.524868745239537,0.5664942719909694
1104.0,1104.0,train,8.403467759990255E-4,87.83336861984034,0.7721910562982919
1105.0,1105.0,train,7.471769898748746E-4,62.00020797180998,0.7315908534642321
1106.0,1106.0,train,8.129526025722671E-4,81.01431776358686,0.7609365964720434
1107.0,1107.0,train,8.049113019029806E-4,77.84653039506232,0.7575285996659799
1108.0,1108.0,train,8.082211290406297E-4,79.48464275041259,0.7589371868744719
1109.0,1109.0,train,6.347920306084126E-4,35.25871606988603,0.6728751860242579
1110.0,1110.0,train,8.138748239934579E-4,81.42063617151075,0.7613243701128007
1111.0,1111.0,train,7.912116478419971E-4,73.3100682822571,0.7516102632113181
1112.0,1112.0,train,8.638710165079888E-4,94.0108712284096,0.7814318214754843
1113.0,1113.0,train,8.265686036623184E-4,85.03031738348643,0.7665983495678454
1114.0,1114.0,train,7.421285450264694E-4,60.807805837947555,0.7291949543899328
1115.0,1115.0,train,7.730167088306394E-4,68.6063809460508,0.743526006414796
1116.0,1116.0,train,8.529782418788972E-4,91.49728078051635,0.7772004787101862
1117.0,1117.0,train,7.450427901606435E-4,61.253992278403096,0.730580598845566
1118.0,1118.0,train,7.51506523648216E-4,62.82477101307511,0.7336286790635995
1119.0,1119.0,train,7.742205156074815E-4,68.84214865177327,0.7440689097362485
1120.0,1120.0,train,7.170382154737538E-4,53.03294579174636,0.7169665047500693
1121.0,1121.0,train,7.358405071854633E-4,58.51723722840208,0.7261808374245482
1122.0,1122.0,train,1.2266478337601272E-4,3.105239473940175,0.19420402972142325
1123.0,1123.0,train,7.809116493643759E-4,70.42209737306133,0.7470656568040993
1124.0,1124.0,train,0.0010774119325687695,99.82158796074839,0.8499144302875075
1125.0,1125.0,train,7.869849425683142E-4,72.0669097033258,0.7497553026695423
1126.0,1126.0,train,1.73251694992706E-4,4.744657141904462,0.2628559689531781
1127.0,1127.0,train,7.661468472904077E-4,67.3037801952426,0.7404056633331055
1128.0,1128.0,train,6.722031611939691E-4,42.208595851729584,0.6937237039405542
1129.0,1129.0,train,7.285861348773291E-4,56.06086016633745,0.7226618153786645
1130.0,1130.0,train,8.169549082721884E-4,82.38231510462502,0.7626149245229489
1131.0,1131.0,train,5.279119698872159E-4,23.761340196208184,0.6051598799162494
1132.0,1132.0,train,8.089472138950371E-4,79.79765059796951,0.7592450959796482
1133.0,1133.0,train,7.912402522575081E-4,73.38999730330893,0.7516227697817891
1134.0,1134.0,train,8.394643359280033E-4,87.56481666888686,0.7718369156464882
1135.0,1135.0,train,7.262037387042406E-4,55.36666025662693,0.7214963025424628
1136.0,1136.0,train,8.523567987000147E-4,91.22282634975518,0.7769566214532518
1137.0,1137.0,train,1.3170169893006833E-4,3.4135317209225025,0.20692083618078716
1138.0,1138.0,train,4.687257457726538E-4,20.19754540233798,0.561804387129947
1139.0,1139.0,train,6.937200718678116E-4,46.90375541663987,0.7051072369107348
1140.0,1140.0,train,8.580400950889118E-4,92.78921202901572,0.779176869558724
1141.0,1141.0,train,7.914111034500736E-4,73.57047860353144,0.7516974571115471
1142.0,1142.0,train,7.189597433819693E-4,53.56658068101895,0.7179222291972316
1143.0,1143.0,train,7.589697006340441E-4,65.03670601807165,0.7371051935422138
1144.0,1144.0,train,8.415555925870356E-4,88.2869563462264,0.772675286248454
1145.0,1145.0,train,5.490239534185943E-4,26.07719641325573,0.6195640384282202
1146.0,1146.0,train,7.604129379657043E-4,65.3608455000141,0.7377722316666491
1147.0,1147.0,train,7.620562473797847E-4,65.80967224169336,0.7385296790629968
1148.0,1148.0,train,5.904657142147138E-4,30.497953780660108,0.6463284547728341
1149.0,1149.0,train,6.561559906178188E-4,38.5553632393059,0.6849487950372373
1150.0,1150.0,train,7.545793743964559E-4,63.80428588182763,0.7350656147652889
1151.0,1151.0,train,6.080444053580042E-4,32.27297442846759,0.6571046918266098
1152.0,1152.0,train,6.34197194391136E-4,35.186422448466416,0.6725324807997863
1153.0,1153.0,train,1.538350578272003E-4,4.0590168516672325,0.23722578186643306
1154.0,1154.0,train,9.227872042008045E-4,99.30320846770191,0.8029635288254423
1155.0,1155.0,train,8.601289365138962E-4,93.14609763393807,0.7799873345906316
1156.0,1156.0,train,3.2358583178485083E-4,12.191437408470138,0.43424976032254203
1157.0,1157.0,train,1.9860786194724657E-4,5.666748822910379,0.2950342094372399
1158.0,1158.0,train,7.973497501620656E-4,75.29612781293244,0.7542796167364421
1159.0,1159.0,train,3.153724765641274E-4,11.321610096917437,0.42601082571938664
1160.0,1160.0,train,7.003188034014915E-4,48.12409112823236,0.7085127860888127
1161.0,1161.0,train,5.324895254264473E-4,24.284024062878366,0.6083286358370636
1162.0,1162.0,train,8.413342047918086E-4,88.22781781328395,0.7725866793781105
1163.0,1163.0,train,7.421678769393152E-4,60.84094826391091,0.7292137030065652
1164.0,1164.0,train,6.818527869726293E-6,0.25379458278708455,0.011930794132834599
1165.0,1165.0,train,6.637880938293433E-4,40.76193850541407,0.689153095925892
1166.0,1166.0,train,5.325833293885327E-4,24.291556334149153,0.6083933038610753
1167.0,1167.0,train,8.381760976900793E-4,86.95478211329103,0.7713189314402826
1168.0,1168.0,train,6.870600214025532E-4,45.35220131541969,0.7016296955330822
1169.0,1169.0,train,7.404497428670144E-4,60.40879151706796,0.7283934967405985
1170.0,1170.0,train,7.963636044177708E-4,74.87946741921496,0.7538527014248545
1171.0,1171.0,train,3.9982121876579093E-4,16.925356686248016,0.5052973532373853
1172.0,1172.0,train,8.375231095832824E-4,86.77573070008415,0.771055924293644
1173.0,1173.0,train,5.989745837033894E-4,31.209618468404933,0.6515862788385185
